month,grid_id,lon,lat,era5_lon,era5_lat,u10_m_s,v10_m_s,wind_speed_m_s,wind_direction_from_deg,source_status
2024-01-01,G025_R380_C1132,103.125,-5.125,103.0,-5.0,1.1433134078979492,-0.8552455902099609,1.4277992044586685,306.798004081529,ok
2024-01-01,G025_R380_C1133,103.375,-5.125,103.25,-5.0,0.9514188766479492,-0.8254604339599609,1.259596287258506,310.945231015999,ok
2024-01-01,G025_R380_C1134,103.625,-5.125,103.5,-5.0,0.9929227828979492,-0.5266323089599609,1.123938273055201,297.9408515367906,ok
2024-01-01,G025_R380_C1135,103.875,-5.125,103.75,-5.0,0.7639188766479492,-0.05641746520996094,0.7659993345165398,274.22377953095486,ok
2024-01-01,G025_R380_C1143,105.875,-5.125,105.75,-5.0,1.2668485641479492,-0.29176902770996094,1.3000132499380677,282.96968141873936,ok
2024-01-01,G025_R380_C1144,106.125,-5.125,106.0,-5.0,2.467043876647949,-0.32253074645996094,2.4880376949954277,277.448361064668,ok
2024-01-01,G025_R380_C1145,106.375,-5.125,106.25,-5.0,3.447024345397949,-0.34596824645996094,3.464342775379587,275.73142414522425,ok
2024-01-01,G025_R380_C1146,106.625,-5.125,106.5,-5.0,4.110110282897949,-0.38356590270996094,4.127969154354859,275.33154541430224,ok
2024-01-01,G025_R380_C1147,106.875,-5.125,106.75,-5.0,4.542727470397949,-0.40602684020996094,4.5608366190074205,275.10749786506284,ok
2024-01-01,G025_R381_C1132,103.125,-5.375,103.0,-5.25,1.5520048141479492,-0.7844448089599609,1.7389860843154095,296.81384460626026,ok
2024-01-01,G025_R381_C1133,103.375,-5.375,103.25,-5.25,1.5451688766479492,-0.9470424652099609,1.8123013789854174,301.5043604225318,ok
2024-01-01,G025_R381_C1134,103.625,-5.375,103.5,-5.25,1.6169462203979492,-0.8654994964599609,1.834013210975226,298.1587161163429,ok
2024-01-01,G025_R381_C1135,103.875,-5.375,103.75,-5.25,1.3205595016479492,-0.5671596527099609,1.4372012625428505,293.2427664100104,ok
2024-01-01,G025_R381_C1143,105.875,-5.375,105.75,-5.25,1.4294462203979492,0.08713722229003906,1.4320996447588437,266.5116388075402,ok
2024-01-01,G025_R381_C1144,106.125,-5.375,106.0,-5.25,2.709719657897949,0.22629737854003906,2.7191526488839632,265.22612353906936,ok
2024-01-01,G025_R381_C1145,106.375,-5.375,106.25,-5.25,3.700442314147949,0.22922706604003906,3.7075353495471832,266.45529329468866,ok
2024-01-01,G025_R381_C1146,106.625,-5.375,106.5,-5.25,4.407473564147949,0.17405128479003906,4.410908871015144,267.7385627224519,ok
2024-01-01,G025_R381_C1147,106.875,-5.375,106.75,-5.25,4.762942314147949,0.023660659790039062,4.76300108279672,269.71537660845615,ok
2024-01-01,G025_R382_C1132,103.125,-5.625,103.0,-5.5,1.9128446578979492,-0.6745815277099609,2.028308389465524,289.4256474010193,ok
2024-01-01,G025_R382_C1133,103.375,-5.625,103.25,-5.5,1.9797391891479492,-0.7444057464599609,2.1150667063737707,290.6068643789815,ok
2024-01-01,G025_R382_C1134,103.625,-5.625,103.5,-5.5,2.037356376647949,-0.8698940277099609,2.215296058072943,293.12112291412257,ok
2024-01-01,G025_R382_C1135,103.875,-5.625,103.75,-5.5,1.9602079391479492,-1.149679183959961,2.2724826491591728,300.39199767778575,ok
2024-01-01,G025_R382_C1136,104.125,-5.625,104.0,-5.5,1.6403837203979492,-1.202901840209961,2.034166066801609,306.2527878743359,ok
2024-01-01,G025_R382_C1138,104.625,-5.625,104.5,-5.5,0.9768095016479492,-0.17165184020996094,0.9917767676030634,279.96665889479857,ok
2024-01-01,G025_R382_C1141,105.375,-5.625,105.25,-5.5,1.0632352828979492,0.5983676910400391,1.2200463763643044,240.63005541648437,ok
2024-01-01,G025_R382_C1143,105.875,-5.625,105.75,-5.5,1.6906766891479492,0.5373325347900391,1.7740106877277149,252.36865119649397,ok
2024-01-01,G025_R382_C1144,106.125,-5.625,106.0,-5.5,3.187258720397949,0.8366489410400391,3.2952389293185087,255.29180496220067,ok
2024-01-01,G025_R382_C1145,106.375,-5.625,106.25,-5.5,4.180422782897949,0.8024692535400391,4.256746591782196,259.1337472038347,ok
2024-01-01,G025_R382_C1146,106.625,-5.625,106.5,-5.5,4.605715751647949,0.5680942535400391,4.640619426960505,262.96834076733364,ok
2024-01-01,G025_R382_C1147,106.875,-5.625,106.75,-5.5,4.887454032897949,0.34055519104003906,4.899304518177528,266.01410311539905,ok
2024-01-01,G025_R383_C1132,103.125,-5.875,103.0,-5.75,2.082766532897949,-0.5818080902099609,2.1625025050606315,285.6073807778792,ok
2024-01-01,G025_R383_C1133,103.375,-5.875,103.25,-5.75,2.198000907897949,-0.6296596527099609,2.286411876581085,285.9853791093177,ok
2024-01-01,G025_R383_C1134,103.625,-5.875,103.5,-5.75,2.281497001647949,-0.6389369964599609,2.369276061157471,285.6449905261162,ok
2024-01-01,G025_R383_C1135,103.875,-5.875,103.75,-5.75,2.302493095397949,-0.8777065277099609,2.464111037096321,290.866763084766,ok
2024-01-01,G025_R383_C1136,104.125,-5.875,104.0,-5.75,2.492922782897949,-1.171651840209961,2.7545293674526405,295.17311286391373,ok
2024-01-01,G025_R383_C1137,104.375,-5.875,104.25,-5.75,2.498782157897949,-0.9802455902099609,2.684174675716021,291.4195475871835,ok
2024-01-01,G025_R383_C1139,104.875,-5.875,104.75,-5.75,2.140383720397949,0.26438331604003906,2.156650414032115,262.95840974136223,ok
2024-01-01,G025_R383_C1140,105.125,-5.875,105.0,-5.75,2.750247001647949,0.8293247222900391,2.872566459644578,253.219549057419,ok
2024-01-01,G025_R383_C1141,105.375,-5.875,105.25,-5.75,3.166262626647949,1.354715347290039,3.4439036997411443,246.83588232260564,ok
2024-01-01,G025_R383_C1142,105.625,-5.875,105.5,-5.75,2.731692314147949,1.488504409790039,3.1109143795899254,241.41394840774575,ok
2024-01-01,G025_R383_C1143,105.875,-5.875,105.75,-5.75,2.151614189147949,1.137430191040039,2.433760682243052,242.13726048037194,ok
2024-01-01,G025_R383_C1144,106.125,-5.875,106.0,-5.75,3.162356376647949,1.158914566040039,3.368023281437603,249.8735369308436,ok
2024-01-01,G025_R383_C1145,106.375,-5.875,106.25,-5.75,3.989016532897949,1.011941909790039,4.1153711045934465,255.76537278718092,ok
2024-01-01,G025_R383_C1146,106.625,-5.875,106.5,-5.75,4.240481376647949,0.6799106597900391,4.29464326935244,260.89083679565533,ok
2024-01-01,G025_R383_C1147,106.875,-5.875,106.75,-5.75,4.493899345397949,0.36448097229003906,4.508655864637443,265.3631337064951,ok
2024-01-01,G025_R384_C1132,103.125,-6.125,103.0,-6.0,2.292727470397949,-0.44313621520996094,2.335159300507781,280.9391879069218,ok
2024-01-01,G025_R384_C1133,103.375,-6.125,103.25,-6.0,2.343997001647949,-0.48512840270996094,2.393673225578315,281.693201737364,ok
2024-01-01,G025_R384_C1134,103.625,-6.125,103.5,-6.0,2.470950126647949,-0.5539760589599609,2.5322882936747795,282.63650610362674,ok
2024-01-01,G025_R384_C1135,103.875,-6.125,103.75,-6.0,2.546633720397949,-0.6281948089599609,2.6229700768160016,283.856885055626,ok
2024-01-01,G025_R384_C1136,104.125,-6.125,104.0,-6.0,2.752200126647949,-0.7751674652099609,2.8592814020730843,285.7300725995308,ok
2024-01-01,G025_R384_C1137,104.375,-6.125,104.25,-6.0,3.060793876647949,-0.7634487152099609,3.154570191972485,284.00541194538806,ok
2024-01-01,G025_R384_C1138,104.625,-6.125,104.5,-6.0,3.240481376647949,-0.49587059020996094,3.2782018233533705,278.70012542149885,ok
2024-01-01,G025_R384_C1139,104.875,-6.125,104.75,-6.0,3.348391532897949,0.05686378479003906,3.3488743403721983,269.0270726444699,ok
2024-01-01,G025_R384_C1140,105.125,-6.125,105.0,-6.0,3.517336845397949,0.5695590972900391,3.5631525436472464,260.8019867311999,ok
2024-01-01,G025_R384_C1141,105.375,-6.125,105.25,-6.0,3.543704032897949,0.9806919097900391,3.676900174699447,254.53099574933634,ok
2024-01-01,G025_R384_C1142,105.625,-6.125,105.5,-6.0,3.454348564147949,1.541727066040039,3.7827828841728977,245.948083688204,ok
2024-01-01,G025_R385_C1132,103.125,-6.375,103.0,-6.25,2.463137626647949,-0.35622215270996094,2.488762983871749,278.229134685029,ok
2024-01-01,G025_R385_C1133,103.375,-6.375,103.25,-6.25,2.552981376647949,-0.35719871520996094,2.5778488768077357,277.96479696712794,ok
2024-01-01,G025_R385_C1134,103.625,-6.375,103.5,-6.25,2.627200126647949,-0.38454246520996094,2.655193667702745,278.3272336175536,ok
2024-01-01,G025_R385_C1135,103.875,-6.375,103.75,-6.25,2.785891532897949,-0.42262840270996094,2.8177662074504437,278.62617529982845,ok
2024-01-01,G025_R385_C1136,104.125,-6.375,104.0,-6.25,2.889895439147949,-0.48561668395996094,2.9304128058941434,279.5388387197473,ok
2024-01-01,G025_R385_C1137,104.375,-6.375,104.25,-6.25,3.081301689147949,-0.42116355895996094,3.1099515820896353,277.78316590492307,ok
2024-01-01,G025_R385_C1138,104.625,-6.375,104.5,-6.25,3.292727470397949,-0.23366355895996094,3.3010078541407792,274.05910614980667,ok
2024-01-01,G025_R385_C1139,104.875,-6.375,104.75,-6.25,3.408938407897949,0.029031753540039062,3.4090620281179125,269.5120601964864,ok
2024-01-01,G025_R385_C1140,105.125,-6.375,105.0,-6.25,3.493899345397949,0.46262550354003906,3.524394273105365,262.45736947593156,ok
2024-01-01,G025_R385_C1141,105.375,-6.375,105.25,-6.25,3.314211845397949,0.8156528472900391,3.4131055834047133,256.17384536243674,ok
2024-01-01,G025_R385_C1142,105.625,-6.375,105.5,-6.25,3.156008720397949,1.306375503540039,3.4157002209616394,247.51373240384197,ok
2024-01-01,G025_R386_C1132,103.125,-6.625,103.0,-6.5,2.552004814147949,-0.22975730895996094,2.5623264804577173,275.1444766430648,ok
2024-01-01,G025_R386_C1133,103.375,-6.625,103.25,-6.5,2.691164970397949,-0.23854637145996094,2.7017167263119406,275.06549092313276,ok
2024-01-01,G025_R386_C1134,103.625,-6.625,103.5,-6.5,2.757571220397949,-0.24049949645996094,2.768038844265833,274.98439613081536,ok
2024-01-01,G025_R386_C1135,103.875,-6.625,103.75,-6.5,2.889895439147949,-0.22682762145996094,2.8987836102519453,274.4879392116258,ok
2024-01-01,G025_R386_C1136,104.125,-6.625,104.0,-6.5,2.963137626647949,-0.22878074645996094,2.9719564640834863,274.41498800121656,ok
2024-01-01,G025_R386_C1137,104.375,-6.625,104.25,-6.5,3.098879814147949,-0.18190574645996094,3.1042142005874505,273.35943496814446,ok
2024-01-01,G025_R386_C1138,104.625,-6.625,104.5,-6.5,3.142825126647949,-0.09743309020996094,3.144335062259994,271.77570090443675,ok
2024-01-01,G025_R386_C1139,104.875,-6.625,104.75,-6.5,3.239993095397949,0.14914894104003906,3.2434242190684444,267.3643227278997,ok
2024-01-01,G025_R386_C1141,105.375,-6.625,105.25,-6.5,3.202883720397949,0.8200473785400391,3.306197487967196,255.6388310650859,ok
2024-01-01,G025_R387_C1132,103.125,-6.875,103.0,-6.75,2.602786064147949,-0.09255027770996094,2.604431003045956,272.0364743668255,ok
2024-01-01,G025_R387_C1133,103.375,-6.875,103.25,-6.75,2.722903251647949,-0.09352684020996094,2.7245090177267968,271.9672338003533,ok
2024-01-01,G025_R387_C1134,103.625,-6.875,103.5,-6.75,2.827395439147949,-0.09352684020996094,2.828941893916219,271.8945846474149,ok
2024-01-01,G025_R387_C1135,103.875,-6.875,103.75,-6.75,2.905520439147949,-0.04958152770996094,2.9059434526839207,270.97763434768825,ok
2024-01-01,G025_R387_C1136,104.125,-6.875,104.0,-6.75,2.985598564147949,-0.017843246459960938,2.9856518832051613,270.342420630675,ok
2024-01-01,G025_R387_C1137,104.375,-6.875,104.25,-6.75,3.029543876647949,0.023172378540039062,3.029632495809069,269.5617645246283,ok
2024-01-01,G025_R387_C1138,104.625,-6.875,104.5,-6.75,3.080813407897949,0.10910987854003906,3.082744916446834,267.9716643175276,ok
2024-01-01,G025_R387_C1139,104.875,-6.875,104.75,-6.75,3.071047782897949,0.20090675354003906,3.0776123876246024,266.25706584769716,ok
2024-01-01,G025_R387_C1140,105.125,-6.875,105.0,-6.75,3.095950126647949,0.47336769104003906,3.1319297817179796,261.30685820970507,ok
2024-01-01,G025_R387_C1141,105.375,-6.875,105.25,-6.75,3.057375907897949,0.6589145660400391,3.1275734759609635,257.8378440358421,ok
2024-01-01,G025_R387_C1142,105.625,-6.875,105.5,-6.75,2.525637626647949,0.6974887847900391,2.6201786248360572,254.56179354223042,ok
2024-01-01,G025_R387_C1143,105.875,-6.875,105.75,-6.75,1.7468290328979492,0.5431919097900391,1.8293357048493135,252.7264571369901,ok
2024-01-01,G025_R388_C1132,103.125,-7.125,103.0,-7.0,2.660891532897949,0.04416847229003906,2.66125808665609,269.0490275040601,ok
2024-01-01,G025_R388_C1133,103.375,-7.125,103.25,-7.0,2.715579032897949,0.06467628479003906,2.7163491133742736,268.6356582962535,ok
2024-01-01,G025_R388_C1134,103.625,-7.125,103.5,-7.0,2.836184501647949,0.08371925354003906,2.8374198562781165,268.30921879976495,ok
2024-01-01,G025_R388_C1135,103.875,-7.125,103.75,-7.0,2.889407157897949,0.11203956604003906,2.891578563426964,267.7794130516842,ok
2024-01-01,G025_R388_C1136,104.125,-7.125,104.0,-7.0,2.973391532897949,0.17991065979003906,2.978829477062308,266.53743231844453,ok
2024-01-01,G025_R388_C1137,104.375,-7.125,104.25,-7.0,3.004153251647949,0.21897315979003906,3.012123172132139,265.8310751409888,ok
2024-01-01,G025_R388_C1138,104.625,-7.125,104.5,-7.0,3.005129814147949,0.27659034729003906,3.017831575833037,264.7413465166251,ok
2024-01-01,G025_R388_C1139,104.875,-7.125,104.75,-7.0,2.995364189147949,0.36838722229003906,3.017932366898987,262.9886421042675,ok
2024-01-01,G025_R388_C1140,105.125,-7.125,105.0,-7.0,2.927981376647949,0.42502784729003906,2.9586692300710506,261.7405947413385,ok
2024-01-01,G025_R388_C1141,105.375,-7.125,105.25,-7.0,2.853762626647949,0.5588169097900391,2.9079610499317026,258.9206696861893,ok
2024-01-01,G025_R388_C1142,105.625,-7.125,105.5,-7.0,2.702395439147949,0.6130161285400391,2.7710521257056597,257.2192161097059,ok
2024-01-01,G025_R388_C1143,105.875,-7.125,105.75,-7.0,2.284914970397949,0.5461215972900391,2.349273338923184,256.5578157379272,ok
2024-01-01,G025_R388_C1144,106.125,-7.125,106.0,-7.0,1.7902860641479492,0.40159034729003906,1.8347749176721622,257.3569074630201,ok
2024-01-01,G025_R388_C1145,106.375,-7.125,106.25,-7.0,1.2912626266479492,0.10227394104003906,1.295306577607642,265.471364791235,ok
2024-01-01,G025_R389_C1132,103.125,-7.375,103.0,-7.25,2.693118095397949,0.17209815979003906,2.69861128218997,266.34360299216394,ok
2024-01-01,G025_R389_C1133,103.375,-7.375,103.25,-7.25,2.724856376647949,0.17893409729003906,2.7307251206468934,266.24293220944526,ok
2024-01-01,G025_R389_C1134,103.625,-7.375,103.5,-7.25,2.820071220397949,0.23703956604003906,2.8300158027801237,265.1953281494373,ok
2024-01-01,G025_R389_C1135,103.875,-7.375,103.75,-7.25,2.855227470397949,0.26096534729003906,2.867128671720417,264.777724486992,ok
2024-01-01,G025_R389_C1136,104.125,-7.375,104.0,-7.25,2.936770439147949,0.31760597229003906,2.9538947452283297,263.8275633132114,ok
2024-01-01,G025_R389_C1137,104.375,-7.375,104.25,-7.25,2.932375907897949,0.37668800354003906,2.9564712610190043,262.6799702101926,ok
2024-01-01,G025_R389_C1138,104.625,-7.375,104.5,-7.25,2.912844657897949,0.42112159729003906,2.94312884542093,261.77351972826193,ok
2024-01-01,G025_R389_C1139,104.875,-7.375,104.75,-7.25,2.891848564147949,0.45627784729003906,2.927623198414063,261.0337492358988,ok
2024-01-01,G025_R389_C1140,105.125,-7.375,105.0,-7.25,2.846926689147949,0.5187778472900391,2.8938075313022793,259.6726576864907,ok
2024-01-01,G025_R389_C1141,105.375,-7.375,105.25,-7.25,2.741946220397949,0.5163364410400391,2.7901384187707414,259.3355068384505,ok
2024-01-01,G025_R389_C1142,105.625,-7.375,105.5,-7.25,2.627200126647949,0.5383090972900391,2.6817824650191553,258.4204604737722,ok
2024-01-01,G025_R389_C1143,105.875,-7.375,105.75,-7.25,2.446536064147949,0.47043800354003906,2.491355179084523,259.11559539625654,ok
2024-01-01,G025_R389_C1144,106.125,-7.375,106.0,-7.25,2.135500907897949,0.14866065979003906,2.1406690821801897,266.0178386611488,ok
2024-01-01,G025_R389_C1145,106.375,-7.375,106.25,-7.25,1.7517118453979492,-0.25807762145996094,1.7706209215995161,278.38102715725023,ok
2024-01-01,G025_R390_C1132,103.125,-7.625,103.0,-7.5,2.697024345397949,0.26780128479003906,2.7102874105534327,264.3293979265577,ok
2024-01-01,G025_R390_C1133,103.375,-7.625,103.25,-7.5,2.720950126647949,0.27463722229003906,2.734775163623635,264.23640980724133,ok
2024-01-01,G025_R390_C1134,103.625,-7.625,103.5,-7.5,2.793215751647949,0.30832862854003906,2.8101816273030464,263.700917244469,ok
2024-01-01,G025_R390_C1135,103.875,-7.625,103.75,-7.5,2.822512626647949,0.36985206604003906,2.846641543703947,262.53469770599764,ok
2024-01-01,G025_R390_C1136,104.125,-7.625,104.0,-7.5,2.814211845397949,0.42160987854003906,2.8456182457351296,261.4796264153806,ok
2024-01-01,G025_R390_C1137,104.375,-7.625,104.25,-7.5,2.839602470397949,0.5041294097900391,2.884005660831024,259.93287511082593,ok
2024-01-01,G025_R390_C1138,104.625,-7.625,104.5,-7.5,2.821047782897949,0.5397739410400391,2.872223267926665,259.1680545288638,ok
2024-01-01,G025_R390_C1139,104.875,-7.625,104.75,-7.5,2.792727470397949,0.5578403472900391,2.847896166818587,258.70397862202014,ok
2024-01-01,G025_R390_C1140,105.125,-7.625,105.0,-7.5,2.769778251647949,0.5793247222900391,2.8297153031989635,258.1863658524363,ok
2024-01-01,G025_R390_C1141,105.375,-7.625,105.25,-7.5,2.679934501647949,0.5646762847900391,2.738778603634716,258.1015249249786,ok
2024-01-01,G025_R390_C1142,105.625,-7.625,105.5,-7.5,2.585696220397949,0.5324497222900391,2.6399484182360418,258.3642296109308,ok
2024-01-01,G025_R390_C1143,105.875,-7.625,105.75,-7.5,2.471438407897949,0.45188331604003906,2.512410463150576,259.63836756227676,ok
2024-01-01,G025_R390_C1144,106.125,-7.625,106.0,-7.5,2.286868095397949,0.16282081604003906,2.292657040179579,265.9275176380599,ok
2024-01-01,G025_R390_C1145,106.375,-7.625,106.25,-7.5,2.316164970397949,-0.28590965270996094,2.333744737457647,277.0370479939023,ok
2024-01-01,G025_R390_C1146,106.625,-7.625,106.5,-7.5,2.329836845397949,-0.45924949645996094,2.3746683613028146,281.1509917018773,ok
2024-01-01,G025_R390_C1147,106.875,-7.625,106.75,-7.5,2.278567314147949,-0.44118309020996094,2.3208859351959994,280.9581844667756,ok
2024-01-01,G025_R391_C1132,103.125,-7.875,103.0,-7.75,2.664797782897949,0.32297706604003906,2.684299053556749,263.0893815722358,ok
2024-01-01,G025_R391_C1133,103.375,-7.875,103.25,-7.75,2.695559501647949,0.37815284729003906,2.7219552903819166,262.01424387420684,ok
2024-01-01,G025_R391_C1134,103.625,-7.875,103.5,-7.75,2.697512626647949,0.38743019104003906,2.7251929333268206,261.8267884621391,ok
2024-01-01,G025_R391_C1135,103.875,-7.875,103.75,-7.75,2.748782157897949,0.46262550354003906,2.7874407093432105,260.44653734301005,ok
2024-01-01,G025_R391_C1136,104.125,-7.875,104.0,-7.75,2.728274345397949,0.5080356597900391,2.7751722712968485,259.4516877506203,ok
2024-01-01,G025_R391_C1137,104.375,-7.875,104.25,-7.75,2.724368095397949,0.5617465972900391,2.781679485273094,258.3492725516851,ok
2024-01-01,G025_R391_C1138,104.625,-7.875,104.5,-7.75,2.718508720397949,0.6100864410400391,2.786125468894141,257.35127650820345,ok
2024-01-01,G025_R391_C1139,104.875,-7.875,104.75,-7.75,2.716555595397949,0.6437778472900391,2.7917958771280724,256.66781804210893,ok
2024-01-01,G025_R391_C1140,105.125,-7.875,105.0,-7.75,2.705325126647949,0.6662387847900391,2.786154726362348,256.16510691021426,ok
2024-01-01,G025_R391_C1141,105.375,-7.875,105.25,-7.75,2.654055595397949,0.6637973785400391,2.7358066567686743,255.95799690039308,ok
2024-01-01,G025_R391_C1142,105.625,-7.875,105.5,-7.75,2.566653251647949,0.6286411285400391,2.642517470649359,256.2376778232342,ok
2024-01-01,G025_R391_C1143,105.875,-7.875,105.75,-7.75,2.528079032897949,0.5314731597900391,2.583340340751764,258.1277062885984,ok
2024-01-01,G025_R391_C1144,106.125,-7.875,106.0,-7.75,2.451907157897949,0.35910987854003906,2.4780654986937374,261.6676191801163,ok
2024-01-01,G025_R391_C1145,106.375,-7.875,106.25,-7.75,2.506106376647949,0.010477066040039062,2.506128276842253,269.76046979721343,ok
2024-01-01,G025_R391_C1146,106.625,-7.875,106.5,-7.75,2.716067314147949,-0.25075340270996094,2.7276178111959672,275.27472210655793,ok
2024-01-01,G025_R391_C1147,106.875,-7.875,106.75,-7.75,2.928957939147949,-0.38649559020996094,2.954348227705994,277.5171312398844,ok
