"grid_id","cell_no","lon","lat","west","east","south","north","row_nc0","col_nc0","row_R1","col_R1","row_bbox_R1","col_bbox_R1","status","sea_fraction","center_at_sea","selected","selection_rule","crs_epsg"
"G025_R380_C1132",1,103.125,-5.125,103,103.25,-5.25,-5,380,1132,381,1133,1,1,"Laut penuh",1,TRUE,TRUE,"center",4326
"G025_R380_C1133",2,103.375,-5.125,103.25,103.5,-5.25,-5,380,1133,381,1134,1,2,"Laut penuh",1,TRUE,TRUE,"center",4326
"G025_R380_C1134",3,103.625,-5.125,103.5,103.75,-5.25,-5,380,1134,381,1135,1,3,"Pesisir campuran",0.99127005624152,TRUE,TRUE,"center",4326
"G025_R380_C1135",4,103.875,-5.125,103.75,104,-5.25,-5,380,1135,381,1136,1,4,"Pesisir campuran",0.499382204813315,TRUE,TRUE,"center",4326
"G025_R380_C1143",12,105.875,-5.125,105.75,106,-5.25,-5,380,1143,381,1144,1,12,"Pesisir campuran",0.533678250038577,TRUE,TRUE,"center",4326
"G025_R380_C1144",13,106.125,-5.125,106,106.25,-5.25,-5,380,1144,381,1145,1,13,"Laut penuh",1,TRUE,TRUE,"center",4326
"G025_R380_C1145",14,106.375,-5.125,106.25,106.5,-5.25,-5,380,1145,381,1146,1,14,"Laut penuh",1,TRUE,TRUE,"center",4326
"G025_R380_C1146",15,106.625,-5.125,106.5,106.75,-5.25,-5,380,1146,381,1147,1,15,"Laut penuh",1,TRUE,TRUE,"center",4326
"G025_R380_C1147",16,106.875,-5.125,106.75,107,-5.25,-5,380,1147,381,1148,1,16,"Laut penuh",1,TRUE,TRUE,"center",4326
"G025_R381_C1132",17,103.125,-5.375,103,103.25,-5.5,-5.25,381,1132,382,1133,2,1,"Laut penuh",1,TRUE,TRUE,"center",4326
"G025_R381_C1133",18,103.375,-5.375,103.25,103.5,-5.5,-5.25,381,1133,382,1134,2,2,"Laut penuh",1,TRUE,TRUE,"center",4326
"G025_R381_C1134",19,103.625,-5.375,103.5,103.75,-5.5,-5.25,381,1134,382,1135,2,3,"Laut penuh",1,TRUE,TRUE,"center",4326
"G025_R381_C1135",20,103.875,-5.375,103.75,104,-5.5,-5.25,381,1135,382,1136,2,4,"Pesisir campuran",0.994861382636172,TRUE,TRUE,"center",4326
"G025_R381_C1143",28,105.875,-5.375,105.75,106,-5.5,-5.25,381,1143,382,1144,2,12,"Pesisir campuran",0.630999265025484,TRUE,TRUE,"center",4326
"G025_R381_C1144",29,106.125,-5.375,106,106.25,-5.5,-5.25,381,1144,382,1145,2,13,"Laut penuh",1,TRUE,TRUE,"center",4326
"G025_R381_C1145",30,106.375,-5.375,106.25,106.5,-5.5,-5.25,381,1145,382,1146,2,14,"Laut penuh",1,TRUE,TRUE,"center",4326
"G025_R381_C1146",31,106.625,-5.375,106.5,106.75,-5.5,-5.25,381,1146,382,1147,2,15,"Laut penuh",1,TRUE,TRUE,"center",4326
"G025_R381_C1147",32,106.875,-5.375,106.75,107,-5.5,-5.25,381,1147,382,1148,2,16,"Laut penuh",1,TRUE,TRUE,"center",4326
"G025_R382_C1132",33,103.125,-5.625,103,103.25,-5.75,-5.5,382,1132,383,1133,3,1,"Laut penuh",1,TRUE,TRUE,"center",4326
"G025_R382_C1133",34,103.375,-5.625,103.25,103.5,-5.75,-5.5,382,1133,383,1134,3,2,"Laut penuh",1,TRUE,TRUE,"center",4326
"G025_R382_C1134",35,103.625,-5.625,103.5,103.75,-5.75,-5.5,382,1134,383,1135,3,3,"Laut penuh",1,TRUE,TRUE,"center",4326
"G025_R382_C1135",36,103.875,-5.625,103.75,104,-5.75,-5.5,382,1135,383,1136,3,4,"Laut penuh",1,TRUE,TRUE,"center",4326
"G025_R382_C1136",37,104.125,-5.625,104,104.25,-5.75,-5.5,382,1136,383,1137,3,5,"Pesisir campuran",0.977874550002699,TRUE,TRUE,"center",4326
"G025_R382_C1138",39,104.625,-5.625,104.5,104.75,-5.75,-5.5,382,1138,383,1139,3,7,"Pesisir campuran",0.641246883475925,TRUE,TRUE,"center",4326
"G025_R382_C1141",42,105.375,-5.625,105.25,105.5,-5.75,-5.5,382,1141,383,1142,3,10,"Pesisir campuran",0.750453779827276,TRUE,TRUE,"center",4326
"G025_R382_C1143",44,105.875,-5.625,105.75,106,-5.75,-5.5,382,1143,383,1144,3,12,"Pesisir campuran",0.707156866435606,TRUE,TRUE,"center",4326
"G025_R382_C1144",45,106.125,-5.625,106,106.25,-5.75,-5.5,382,1144,383,1145,3,13,"Laut penuh",1,TRUE,TRUE,"center",4326
"G025_R382_C1145",46,106.375,-5.625,106.25,106.5,-5.75,-5.5,382,1145,383,1146,3,14,"Laut penuh",1,TRUE,TRUE,"center",4326
"G025_R382_C1146",47,106.625,-5.625,106.5,106.75,-5.75,-5.5,382,1146,383,1147,3,15,"Laut penuh",1,TRUE,TRUE,"center",4326
"G025_R382_C1147",48,106.875,-5.625,106.75,107,-5.75,-5.5,382,1147,383,1148,3,16,"Laut penuh",1,TRUE,TRUE,"center",4326
"G025_R383_C1132",49,103.125,-5.875,103,103.25,-6,-5.75,383,1132,384,1133,4,1,"Laut penuh",1,TRUE,TRUE,"center",4326
"G025_R383_C1133",50,103.375,-5.875,103.25,103.5,-6,-5.75,383,1133,384,1134,4,2,"Laut penuh",1,TRUE,TRUE,"center",4326
"G025_R383_C1134",51,103.625,-5.875,103.5,103.75,-6,-5.75,383,1134,384,1135,4,3,"Laut penuh",1,TRUE,TRUE,"center",4326
"G025_R383_C1135",52,103.875,-5.875,103.75,104,-6,-5.75,383,1135,384,1136,4,4,"Laut penuh",1,TRUE,TRUE,"center",4326
"G025_R383_C1136",53,104.125,-5.875,104,104.25,-6,-5.75,383,1136,384,1137,4,5,"Laut penuh",1,TRUE,TRUE,"center",4326
"G025_R383_C1137",54,104.375,-5.875,104.25,104.5,-6,-5.75,383,1137,384,1138,4,6,"Pesisir campuran",0.970238230491774,TRUE,TRUE,"center",4326
"G025_R383_C1139",56,104.875,-5.875,104.75,105,-6,-5.75,383,1139,384,1140,4,8,"Pesisir campuran",0.945791953857095,TRUE,TRUE,"center",4326
"G025_R383_C1140",57,105.125,-5.875,105,105.25,-6,-5.75,383,1140,384,1141,4,9,"Pesisir campuran",0.938193535501952,TRUE,TRUE,"center",4326
"G025_R383_C1141",58,105.375,-5.875,105.25,105.5,-6,-5.75,383,1141,384,1142,4,10,"Pesisir campuran",0.950148390726238,TRUE,TRUE,"center",4326
"G025_R383_C1142",59,105.625,-5.875,105.5,105.75,-6,-5.75,383,1142,384,1143,4,11,"Pesisir campuran",0.764755169481358,TRUE,TRUE,"center",4326
"G025_R383_C1143",60,105.875,-5.875,105.75,106,-6,-5.75,383,1143,384,1144,4,12,"Pesisir campuran",0.901683528055635,TRUE,TRUE,"center",4326
"G025_R383_C1144",61,106.125,-5.875,106,106.25,-6,-5.75,383,1144,384,1145,4,13,"Pesisir campuran",0.782305243788452,TRUE,TRUE,"center",4326
"G025_R383_C1145",62,106.375,-5.875,106.25,106.5,-6,-5.75,383,1145,384,1146,4,14,"Pesisir campuran",0.921498983805832,TRUE,TRUE,"center",4326
"G025_R383_C1146",63,106.625,-5.875,106.5,106.75,-6,-5.75,383,1146,384,1147,4,15,"Laut penuh",1,TRUE,TRUE,"center",4326
"G025_R383_C1147",64,106.875,-5.875,106.75,107,-6,-5.75,383,1147,384,1148,4,16,"Laut penuh",1,TRUE,TRUE,"center",4326
"G025_R384_C1132",65,103.125,-6.125,103,103.25,-6.25,-6,384,1132,385,1133,5,1,"Laut penuh",1,TRUE,TRUE,"center",4326
"G025_R384_C1133",66,103.375,-6.125,103.25,103.5,-6.25,-6,384,1133,385,1134,5,2,"Laut penuh",1,TRUE,TRUE,"center",4326
"G025_R384_C1134",67,103.625,-6.125,103.5,103.75,-6.25,-6,384,1134,385,1135,5,3,"Laut penuh",1,TRUE,TRUE,"center",4326
"G025_R384_C1135",68,103.875,-6.125,103.75,104,-6.25,-6,384,1135,385,1136,5,4,"Laut penuh",1,TRUE,TRUE,"center",4326
"G025_R384_C1136",69,104.125,-6.125,104,104.25,-6.25,-6,384,1136,385,1137,5,5,"Laut penuh",1,TRUE,TRUE,"center",4326
"G025_R384_C1137",70,104.375,-6.125,104.25,104.5,-6.25,-6,384,1137,385,1138,5,6,"Laut penuh",1,TRUE,TRUE,"center",4326
"G025_R384_C1138",71,104.625,-6.125,104.5,104.75,-6.25,-6,384,1138,385,1139,5,7,"Laut penuh",1,TRUE,TRUE,"center",4326
"G025_R384_C1139",72,104.875,-6.125,104.75,105,-6.25,-6,384,1139,385,1140,5,8,"Laut penuh",1,TRUE,TRUE,"center",4326
"G025_R384_C1140",73,105.125,-6.125,105,105.25,-6.25,-6,384,1140,385,1141,5,9,"Laut penuh",1,TRUE,TRUE,"center",4326
"G025_R384_C1141",74,105.375,-6.125,105.25,105.5,-6.25,-6,384,1141,385,1142,5,10,"Pesisir campuran",0.966581476933714,TRUE,TRUE,"center",4326
"G025_R384_C1142",75,105.625,-6.125,105.5,105.75,-6.25,-6,384,1142,385,1143,5,11,"Laut penuh",1,TRUE,TRUE,"center",4326
"G025_R385_C1132",81,103.125,-6.375,103,103.25,-6.5,-6.25,385,1132,386,1133,6,1,"Laut penuh",1,TRUE,TRUE,"center",4326
"G025_R385_C1133",82,103.375,-6.375,103.25,103.5,-6.5,-6.25,385,1133,386,1134,6,2,"Laut penuh",1,TRUE,TRUE,"center",4326
"G025_R385_C1134",83,103.625,-6.375,103.5,103.75,-6.5,-6.25,385,1134,386,1135,6,3,"Laut penuh",1,TRUE,TRUE,"center",4326
"G025_R385_C1135",84,103.875,-6.375,103.75,104,-6.5,-6.25,385,1135,386,1136,6,4,"Laut penuh",1,TRUE,TRUE,"center",4326
"G025_R385_C1136",85,104.125,-6.375,104,104.25,-6.5,-6.25,385,1136,386,1137,6,5,"Laut penuh",1,TRUE,TRUE,"center",4326
"G025_R385_C1137",86,104.375,-6.375,104.25,104.5,-6.5,-6.25,385,1137,386,1138,6,6,"Laut penuh",1,TRUE,TRUE,"center",4326
"G025_R385_C1138",87,104.625,-6.375,104.5,104.75,-6.5,-6.25,385,1138,386,1139,6,7,"Laut penuh",1,TRUE,TRUE,"center",4326
"G025_R385_C1139",88,104.875,-6.375,104.75,105,-6.5,-6.25,385,1139,386,1140,6,8,"Laut penuh",1,TRUE,TRUE,"center",4326
"G025_R385_C1140",89,105.125,-6.375,105,105.25,-6.5,-6.25,385,1140,386,1141,6,9,"Laut penuh",1,TRUE,TRUE,"center",4326
"G025_R385_C1141",90,105.375,-6.375,105.25,105.5,-6.5,-6.25,385,1141,386,1142,6,10,"Laut penuh",1,TRUE,TRUE,"center",4326
"G025_R385_C1142",91,105.625,-6.375,105.5,105.75,-6.5,-6.25,385,1142,386,1143,6,11,"Pesisir campuran",0.984823333324315,TRUE,TRUE,"center",4326
"G025_R386_C1132",97,103.125,-6.625,103,103.25,-6.75,-6.5,386,1132,387,1133,7,1,"Laut penuh",1,TRUE,TRUE,"center",4326
"G025_R386_C1133",98,103.375,-6.625,103.25,103.5,-6.75,-6.5,386,1133,387,1134,7,2,"Laut penuh",1,TRUE,TRUE,"center",4326
"G025_R386_C1134",99,103.625,-6.625,103.5,103.75,-6.75,-6.5,386,1134,387,1135,7,3,"Laut penuh",1,TRUE,TRUE,"center",4326
"G025_R386_C1135",100,103.875,-6.625,103.75,104,-6.75,-6.5,386,1135,387,1136,7,4,"Laut penuh",1,TRUE,TRUE,"center",4326
"G025_R386_C1136",101,104.125,-6.625,104,104.25,-6.75,-6.5,386,1136,387,1137,7,5,"Laut penuh",1,TRUE,TRUE,"center",4326
"G025_R386_C1137",102,104.375,-6.625,104.25,104.5,-6.75,-6.5,386,1137,387,1138,7,6,"Laut penuh",1,TRUE,TRUE,"center",4326
"G025_R386_C1138",103,104.625,-6.625,104.5,104.75,-6.75,-6.5,386,1138,387,1139,7,7,"Laut penuh",1,TRUE,TRUE,"center",4326
"G025_R386_C1139",104,104.875,-6.625,104.75,105,-6.75,-6.5,386,1139,387,1140,7,8,"Laut penuh",1,TRUE,TRUE,"center",4326
"G025_R386_C1141",106,105.375,-6.625,105.25,105.5,-6.75,-6.5,386,1141,387,1142,7,10,"Pesisir campuran",0.872711485780037,TRUE,TRUE,"center",4326
"G025_R387_C1132",113,103.125,-6.875,103,103.25,-7,-6.75,387,1132,388,1133,8,1,"Laut penuh",1,TRUE,TRUE,"center",4326
"G025_R387_C1133",114,103.375,-6.875,103.25,103.5,-7,-6.75,387,1133,388,1134,8,2,"Laut penuh",1,TRUE,TRUE,"center",4326
"G025_R387_C1134",115,103.625,-6.875,103.5,103.75,-7,-6.75,387,1134,388,1135,8,3,"Laut penuh",1,TRUE,TRUE,"center",4326
"G025_R387_C1135",116,103.875,-6.875,103.75,104,-7,-6.75,387,1135,388,1136,8,4,"Laut penuh",1,TRUE,TRUE,"center",4326
"G025_R387_C1136",117,104.125,-6.875,104,104.25,-7,-6.75,387,1136,388,1137,8,5,"Laut penuh",1,TRUE,TRUE,"center",4326
"G025_R387_C1137",118,104.375,-6.875,104.25,104.5,-7,-6.75,387,1137,388,1138,8,6,"Laut penuh",1,TRUE,TRUE,"center",4326
"G025_R387_C1138",119,104.625,-6.875,104.5,104.75,-7,-6.75,387,1138,388,1139,8,7,"Laut penuh",1,TRUE,TRUE,"center",4326
"G025_R387_C1139",120,104.875,-6.875,104.75,105,-7,-6.75,387,1139,388,1140,8,8,"Laut penuh",1,TRUE,TRUE,"center",4326
"G025_R387_C1140",121,105.125,-6.875,105,105.25,-7,-6.75,387,1140,388,1141,8,9,"Pesisir campuran",0.984515069981161,TRUE,TRUE,"center",4326
"G025_R387_C1141",122,105.375,-6.875,105.25,105.5,-7,-6.75,387,1141,388,1142,8,10,"Pesisir campuran",0.728353404473705,TRUE,TRUE,"center",4326
"G025_R387_C1142",123,105.625,-6.875,105.5,105.75,-7,-6.75,387,1142,388,1143,8,11,"Pesisir campuran",0.610939863404697,TRUE,TRUE,"center",4326
"G025_R387_C1143",124,105.875,-6.875,105.75,106,-7,-6.75,387,1143,388,1144,8,12,"Pesisir campuran",0.656623230040277,TRUE,TRUE,"center",4326
"G025_R388_C1132",129,103.125,-7.125,103,103.25,-7.25,-7,388,1132,389,1133,9,1,"Laut penuh",1,TRUE,TRUE,"center",4326
"G025_R388_C1133",130,103.375,-7.125,103.25,103.5,-7.25,-7,388,1133,389,1134,9,2,"Laut penuh",1,TRUE,TRUE,"center",4326
"G025_R388_C1134",131,103.625,-7.125,103.5,103.75,-7.25,-7,388,1134,389,1135,9,3,"Laut penuh",1,TRUE,TRUE,"center",4326
"G025_R388_C1135",132,103.875,-7.125,103.75,104,-7.25,-7,388,1135,389,1136,9,4,"Laut penuh",1,TRUE,TRUE,"center",4326
"G025_R388_C1136",133,104.125,-7.125,104,104.25,-7.25,-7,388,1136,389,1137,9,5,"Laut penuh",1,TRUE,TRUE,"center",4326
"G025_R388_C1137",134,104.375,-7.125,104.25,104.5,-7.25,-7,388,1137,389,1138,9,6,"Laut penuh",1,TRUE,TRUE,"center",4326
"G025_R388_C1138",135,104.625,-7.125,104.5,104.75,-7.25,-7,388,1138,389,1139,9,7,"Laut penuh",1,TRUE,TRUE,"center",4326
"G025_R388_C1139",136,104.875,-7.125,104.75,105,-7.25,-7,388,1139,389,1140,9,8,"Laut penuh",1,TRUE,TRUE,"center",4326
"G025_R388_C1140",137,105.125,-7.125,105,105.25,-7.25,-7,388,1140,389,1141,9,9,"Laut penuh",1,TRUE,TRUE,"center",4326
"G025_R388_C1141",138,105.375,-7.125,105.25,105.5,-7.25,-7,388,1141,389,1142,9,10,"Laut penuh",1,TRUE,TRUE,"center",4326
"G025_R388_C1142",139,105.625,-7.125,105.5,105.75,-7.25,-7,388,1142,389,1143,9,11,"Pesisir campuran",0.990410782673628,TRUE,TRUE,"center",4326
"G025_R388_C1143",140,105.875,-7.125,105.75,106,-7.25,-7,388,1143,389,1144,9,12,"Laut penuh",1,TRUE,TRUE,"center",4326
"G025_R388_C1144",141,106.125,-7.125,106,106.25,-7.25,-7,388,1144,389,1145,9,13,"Laut penuh",1,TRUE,TRUE,"center",4326
"G025_R388_C1145",142,106.375,-7.125,106.25,106.5,-7.25,-7,388,1145,389,1146,9,14,"Pesisir campuran",0.848355756103635,TRUE,TRUE,"center",4326
"G025_R389_C1132",145,103.125,-7.375,103,103.25,-7.5,-7.25,389,1132,390,1133,10,1,"Laut penuh",1,TRUE,TRUE,"center",4326
"G025_R389_C1133",146,103.375,-7.375,103.25,103.5,-7.5,-7.25,389,1133,390,1134,10,2,"Laut penuh",1,TRUE,TRUE,"center",4326
"G025_R389_C1134",147,103.625,-7.375,103.5,103.75,-7.5,-7.25,389,1134,390,1135,10,3,"Laut penuh",1,TRUE,TRUE,"center",4326
"G025_R389_C1135",148,103.875,-7.375,103.75,104,-7.5,-7.25,389,1135,390,1136,10,4,"Laut penuh",1,TRUE,TRUE,"center",4326
"G025_R389_C1136",149,104.125,-7.375,104,104.25,-7.5,-7.25,389,1136,390,1137,10,5,"Laut penuh",1,TRUE,TRUE,"center",4326
"G025_R389_C1137",150,104.375,-7.375,104.25,104.5,-7.5,-7.25,389,1137,390,1138,10,6,"Laut penuh",1,TRUE,TRUE,"center",4326
"G025_R389_C1138",151,104.625,-7.375,104.5,104.75,-7.5,-7.25,389,1138,390,1139,10,7,"Laut penuh",1,TRUE,TRUE,"center",4326
"G025_R389_C1139",152,104.875,-7.375,104.75,105,-7.5,-7.25,389,1139,390,1140,10,8,"Laut penuh",1,TRUE,TRUE,"center",4326
"G025_R389_C1140",153,105.125,-7.375,105,105.25,-7.5,-7.25,389,1140,390,1141,10,9,"Laut penuh",1,TRUE,TRUE,"center",4326
"G025_R389_C1141",154,105.375,-7.375,105.25,105.5,-7.5,-7.25,389,1141,390,1142,10,10,"Laut penuh",1,TRUE,TRUE,"center",4326
"G025_R389_C1142",155,105.625,-7.375,105.5,105.75,-7.5,-7.25,389,1142,390,1143,10,11,"Laut penuh",1,TRUE,TRUE,"center",4326
"G025_R389_C1143",156,105.875,-7.375,105.75,106,-7.5,-7.25,389,1143,390,1144,10,12,"Laut penuh",1,TRUE,TRUE,"center",4326
"G025_R389_C1144",157,106.125,-7.375,106,106.25,-7.5,-7.25,389,1144,390,1145,10,13,"Laut penuh",1,TRUE,TRUE,"center",4326
"G025_R389_C1145",158,106.375,-7.375,106.25,106.5,-7.5,-7.25,389,1145,390,1146,10,14,"Pesisir campuran",0.780585286114335,TRUE,TRUE,"center",4326
"G025_R390_C1132",161,103.125,-7.625,103,103.25,-7.75,-7.5,390,1132,391,1133,11,1,"Laut penuh",1,TRUE,TRUE,"center",4326
"G025_R390_C1133",162,103.375,-7.625,103.25,103.5,-7.75,-7.5,390,1133,391,1134,11,2,"Laut penuh",1,TRUE,TRUE,"center",4326
"G025_R390_C1134",163,103.625,-7.625,103.5,103.75,-7.75,-7.5,390,1134,391,1135,11,3,"Laut penuh",1,TRUE,TRUE,"center",4326
"G025_R390_C1135",164,103.875,-7.625,103.75,104,-7.75,-7.5,390,1135,391,1136,11,4,"Laut penuh",1,TRUE,TRUE,"center",4326
"G025_R390_C1136",165,104.125,-7.625,104,104.25,-7.75,-7.5,390,1136,391,1137,11,5,"Laut penuh",1,TRUE,TRUE,"center",4326
"G025_R390_C1137",166,104.375,-7.625,104.25,104.5,-7.75,-7.5,390,1137,391,1138,11,6,"Laut penuh",1,TRUE,TRUE,"center",4326
"G025_R390_C1138",167,104.625,-7.625,104.5,104.75,-7.75,-7.5,390,1138,391,1139,11,7,"Laut penuh",1,TRUE,TRUE,"center",4326
"G025_R390_C1139",168,104.875,-7.625,104.75,105,-7.75,-7.5,390,1139,391,1140,11,8,"Laut penuh",1,TRUE,TRUE,"center",4326
"G025_R390_C1140",169,105.125,-7.625,105,105.25,-7.75,-7.5,390,1140,391,1141,11,9,"Laut penuh",1,TRUE,TRUE,"center",4326
"G025_R390_C1141",170,105.375,-7.625,105.25,105.5,-7.75,-7.5,390,1141,391,1142,11,10,"Laut penuh",1,TRUE,TRUE,"center",4326
"G025_R390_C1142",171,105.625,-7.625,105.5,105.75,-7.75,-7.5,390,1142,391,1143,11,11,"Laut penuh",1,TRUE,TRUE,"center",4326
"G025_R390_C1143",172,105.875,-7.625,105.75,106,-7.75,-7.5,390,1143,391,1144,11,12,"Laut penuh",1,TRUE,TRUE,"center",4326
"G025_R390_C1144",173,106.125,-7.625,106,106.25,-7.75,-7.5,390,1144,391,1145,11,13,"Laut penuh",1,TRUE,TRUE,"center",4326
"G025_R390_C1145",174,106.375,-7.625,106.25,106.5,-7.75,-7.5,390,1145,391,1146,11,14,"Laut penuh",1,TRUE,TRUE,"center",4326
"G025_R390_C1146",175,106.625,-7.625,106.5,106.75,-7.75,-7.5,390,1146,391,1147,11,15,"Laut penuh",1,TRUE,TRUE,"center",4326
"G025_R390_C1147",176,106.875,-7.625,106.75,107,-7.75,-7.5,390,1147,391,1148,11,16,"Laut penuh",1,TRUE,TRUE,"center",4326
"G025_R391_C1132",177,103.125,-7.875,103,103.25,-8,-7.75,391,1132,392,1133,12,1,"Laut penuh",1,TRUE,TRUE,"center",4326
"G025_R391_C1133",178,103.375,-7.875,103.25,103.5,-8,-7.75,391,1133,392,1134,12,2,"Laut penuh",1,TRUE,TRUE,"center",4326
"G025_R391_C1134",179,103.625,-7.875,103.5,103.75,-8,-7.75,391,1134,392,1135,12,3,"Laut penuh",1,TRUE,TRUE,"center",4326
"G025_R391_C1135",180,103.875,-7.875,103.75,104,-8,-7.75,391,1135,392,1136,12,4,"Laut penuh",1,TRUE,TRUE,"center",4326
"G025_R391_C1136",181,104.125,-7.875,104,104.25,-8,-7.75,391,1136,392,1137,12,5,"Laut penuh",1,TRUE,TRUE,"center",4326
"G025_R391_C1137",182,104.375,-7.875,104.25,104.5,-8,-7.75,391,1137,392,1138,12,6,"Laut penuh",1,TRUE,TRUE,"center",4326
"G025_R391_C1138",183,104.625,-7.875,104.5,104.75,-8,-7.75,391,1138,392,1139,12,7,"Laut penuh",1,TRUE,TRUE,"center",4326
"G025_R391_C1139",184,104.875,-7.875,104.75,105,-8,-7.75,391,1139,392,1140,12,8,"Laut penuh",1,TRUE,TRUE,"center",4326
"G025_R391_C1140",185,105.125,-7.875,105,105.25,-8,-7.75,391,1140,392,1141,12,9,"Laut penuh",1,TRUE,TRUE,"center",4326
"G025_R391_C1141",186,105.375,-7.875,105.25,105.5,-8,-7.75,391,1141,392,1142,12,10,"Laut penuh",1,TRUE,TRUE,"center",4326
"G025_R391_C1142",187,105.625,-7.875,105.5,105.75,-8,-7.75,391,1142,392,1143,12,11,"Laut penuh",1,TRUE,TRUE,"center",4326
"G025_R391_C1143",188,105.875,-7.875,105.75,106,-8,-7.75,391,1143,392,1144,12,12,"Laut penuh",1,TRUE,TRUE,"center",4326
"G025_R391_C1144",189,106.125,-7.875,106,106.25,-8,-7.75,391,1144,392,1145,12,13,"Laut penuh",1,TRUE,TRUE,"center",4326
"G025_R391_C1145",190,106.375,-7.875,106.25,106.5,-8,-7.75,391,1145,392,1146,12,14,"Laut penuh",1,TRUE,TRUE,"center",4326
"G025_R391_C1146",191,106.625,-7.875,106.5,106.75,-8,-7.75,391,1146,392,1147,12,15,"Laut penuh",1,TRUE,TRUE,"center",4326
"G025_R391_C1147",192,106.875,-7.875,106.75,107,-8,-7.75,391,1147,392,1148,12,16,"Laut penuh",1,TRUE,TRUE,"center",4326
