month,n_grids,n_chla_observed,chla_mean_mg_m3,chla_median_mg_m3,sst_mean_c,sst_anomaly_mean_c,u10_mean_m_s,v10_mean_m_s,wind_speed_mean_m_s,chla_availability_fraction
2003-01-01,148,148,0.2873148304257933,0.13553606768364435,29.002943975154274,0.47707278694739885,2.400479909536001,0.6139623281118032,2.612341740403503,1.0
2003-02-01,148,148,0.39982133968950745,0.1365709210330793,28.68748489724163,0.09070945747779198,3.516872947280471,-2.2653974069131393,4.196870150634466,1.0
2003-03-01,148,148,0.4067940810990541,0.210474435311381,28.644589596243662,-0.33344593805925954,0.015006941718024186,-0.11623078423577386,0.4935868684278643,1.0
2003-04-01,148,148,0.2972949647220042,0.1680561227434561,29.817316870216853,0.5838468334243239,-2.575959411827294,0.966477548753893,2.7830745855154833,1.0
2003-05-01,148,148,0.32817522123484383,0.16385715998657968,29.24508435183644,0.06284219536275878,-3.1706406619097733,1.4025982779425543,3.488410002277731,1.0
2003-06-01,148,148,0.4850379994174078,0.34201678305932204,28.564920539254544,-0.2734391825202315,-5.265124269433923,2.0517615240973397,5.72263721212293,1.0
2003-07-01,148,148,1.3274644081283973,1.0438407312869793,26.989354252503453,-1.276048357272074,-6.01054877203864,3.6474685411195495,7.130930450090634,1.0
2003-08-01,148,148,0.8771233833938652,0.7682146102792377,26.762002452727288,-1.069348275043158,-5.154452684763315,4.01258659362793,6.668927167055948,1.0
2003-09-01,148,148,0.48057453356941393,0.3723767317320742,27.91750389734904,0.18498422967496553,-5.211668014526367,4.227887153625488,6.7955867630387505,1.0
2003-10-01,148,133,0.26733103331514774,0.2194043288428338,28.241607917529556,0.15637750301709838,-3.685088028778901,3.915864944458008,5.501487743314455,0.8986486486486487
2003-11-01,148,143,0.34102738397680643,0.2135580665103653,28.417170540491743,-0.04275675581533227,-1.9088917809563715,3.2976787670238603,4.120506016008827,0.9662162162162162
2003-12-01,148,148,0.38430606860066285,0.1581641365003355,28.196581766931725,-0.3147210039912115,1.4979653487334381,0.12973354958199163,1.7443868165325065,1.0
2004-01-01,148,148,0.5128401168247733,0.23526469315213727,28.542168095513023,0.016150827581304872,0.4088413650925095,0.27189254760742193,1.1135876559307325,1.0
2004-02-01,148,132,0.5868884844868598,0.29376378238113054,28.351982140696617,-0.2506011127397064,3.7059077701053105,-1.7692515914504592,4.127255064510582,0.8918918918918919
2004-03-01,148,148,0.33496240615395845,0.15000989021556388,28.680916995303775,-0.29705535511526016,3.533849252236856,-0.6346916250280431,3.6732154973590823,1.0
2004-04-01,148,148,0.3435251963886018,0.17086534464109882,29.407553398716555,0.1740450406967251,-3.706005689260122,1.2607363108042127,3.969681247771767,1.0
2004-05-01,148,148,0.2977893200758876,0.12785035514581544,28.959404330931235,-0.22278770138676024,-1.6982319806073163,1.7199075286452834,2.638864497420068,1.0
2004-06-01,148,148,0.3582993558781994,0.20221212203057043,28.856379994400985,0.018020270141428926,-4.069107081439044,2.5242801356959985,4.816124700673687,1.0
2004-07-01,148,148,0.3930651884179316,0.20594835811294732,28.346950125257763,0.08167392941989139,-4.137779931764345,1.8064967232781488,4.552479667426498,1.0
2004-08-01,148,148,0.5007238135035259,0.376026518588201,27.773737401055996,-0.05765475010468505,-5.9564539677387955,4.130787978301177,7.339632336891424,1.0
2004-09-01,148,148,0.4040812385730142,0.3486324614528509,28.15499487223926,0.42242116114787487,-5.324547535664326,3.2849558237436653,6.331063754950939,1.0
2004-10-01,148,148,0.36948851147618045,0.2713576858068453,27.901581774614332,-0.1835658194459877,-4.4614212964032145,4.140051609761006,6.178486777889688,1.0
2004-11-01,148,126,0.34355191014027037,0.18838007806384383,28.6403732265438,0.18049323929112976,-2.5614917600477063,2.850904670921532,4.096797913689818,0.8513513513513513
2004-12-01,148,148,0.2845875809271476,0.13138452275449636,28.417495012075463,-0.09381865526962807,0.5542169261623073,0.7020341512319204,1.633797860775105,1.0
2005-01-01,148,148,0.34369201367385926,0.10314794122177146,28.75198497913563,0.22587401394828915,2.0101301605637008,-0.9462068403089369,2.245115253505354,1.0
2005-02-01,148,148,0.46416751106204635,0.1510687075647466,29.47405577534414,0.8724275862390864,0.540695654379355,-0.493601335061563,0.8360066515935276,1.0
2005-03-01,148,148,0.3564199818186591,0.20957208364880955,29.818279620555554,0.8412510702506669,1.2576691911027238,-0.5297011298102301,1.383921970872222,1.0
2005-04-01,148,148,0.29671008653716174,0.1559178166165843,29.34908492543676,0.11559233981654514,-1.328181962709169,0.841138118022197,1.6585127165603508,1.0
2005-05-01,148,148,0.3335899622621875,0.1660979412350535,29.75472686887307,0.5725065256556643,-3.0478885238235067,1.0524479634053,3.261234653262655,1.0
2005-06-01,148,148,0.37302467951214696,0.17296266291893958,28.981186306154406,0.14288062703090945,-1.6084181553608663,0.7327471810418207,1.791341490381393,1.0
2005-07-01,148,148,0.3804942010624598,0.1706721987655866,28.83885943588217,0.5734393932246022,-4.261185568732184,2.6247598029471733,5.032647891671355,1.0
2005-08-01,148,148,0.40159843547820534,0.24928917400906808,28.285659791701963,0.4544136772766943,-4.831502089629302,3.5217598580025338,6.036959840343402,1.0
2005-09-01,148,148,0.275162857244001,0.1728123284887304,28.458506111626154,0.7259234067384019,-4.56221629477836,3.6755571623106262,5.934043524676881,1.0
2005-10-01,148,117,0.37524684023632804,0.2253614928534259,28.72560745877812,0.6402419198421337,-2.9408351795093433,3.336336831788759,4.564414359276743,0.7905405405405406
2005-11-01,148,138,0.2875866551077177,0.17684495211925988,28.592251616984875,0.13235585305311187,-1.7573037534146696,2.2944609925553605,3.2957591623315077,0.9324324324324325
2005-12-01,148,146,0.3671971298517694,0.22414177331498464,28.572978899389533,0.061588926089776515,2.7212290119480445,1.0192947903194942,3.22050359567393,0.9864864864864865
2006-01-01,148,146,0.3235922146450321,0.18746263525350582,28.281060840320674,-0.24512205166180323,4.2489313692659945,-1.3865239684646193,4.517083901085244,0.9864864864864865
2006-02-01,148,148,0.45713829600416417,0.16509935372221565,28.598718002496078,-0.0028040539329461565,2.207986496590279,-0.27228767807419235,2.288856765049163,1.0
2006-03-01,148,148,0.38351033333289286,0.1905790518393642,29.012603973448535,0.03546643362615222,3.990323015161463,-1.9497569573892128,4.474473339409603,1.0
2006-04-01,148,148,0.2793250598144528,0.13972481896119135,28.491030918155705,-0.742545028262025,1.5083428202448665,0.5934241011336044,1.863249643071137,1.0
2006-05-01,148,148,0.29261926827262474,0.14662767782925074,29.533323222694964,0.3510701749546887,-2.6806699391957878,1.7638155447470178,3.243251461405474,1.0
2006-06-01,148,148,0.6500058391906449,0.523214956414936,29.1849587990357,0.34671620758594357,-5.367503295073638,2.9311620351430534,6.1583843316288425,1.0
2006-07-01,148,148,0.5392461745519345,0.44453358436241386,28.019918739431922,-0.24538142443086497,-5.723853987616462,3.6000503076089396,6.839041726940014,1.0
2006-08-01,148,148,1.1090302638877068,0.8684849959888302,26.973225205279267,-0.858223606121857,-5.885893538191512,4.330743454598092,7.434545757861161,1.0
2006-09-01,148,144,1.6555707454860407,1.2279313808915286,25.932393571063205,-1.8001508605792313,-4.814366933461783,4.589650643838419,6.842167062656561,0.972972972972973
2006-10-01,148,148,1.7223660709871145,1.2350899315624182,26.327529932170094,-1.7578334367660269,-4.38228009198163,4.695424801594502,6.55482870704353,1.0
2006-11-01,148,147,1.7077951780889062,0.9539587335969184,27.44724712328868,-1.0126215980178466,-3.766443072138606,3.029955838177655,4.929306372506138,0.9932432432432432
2006-12-01,148,143,0.9360909865967437,0.5586388630890009,28.355450542885627,-0.15589581211540057,-0.6400710183220941,1.3671282175424937,2.1572171038243466,0.9662162162162162
2007-01-01,148,148,0.30568472343235487,0.18100713345940328,28.851634061326127,0.3255405329020065,2.3763478768838424,0.22059837547508446,2.4953350238016165,1.0
2007-02-01,148,148,0.4424656541577763,0.14193836000108095,29.711700579374455,1.1100892594073355,1.440351151131295,-0.8214981233751452,1.675534401294102,1.0
2007-03-01,148,148,0.32274562089534753,0.146251796339243,28.849923073985625,-0.1271229263386139,4.852505632348962,-1.0594583975302208,5.0636677575750735,1.0
2007-04-01,148,148,0.297659333854962,0.15630806076491685,29.016102950207824,-0.21738738229598947,-0.11739921569824222,0.8962020358523807,1.6746739524725458,1.0
2007-05-01,148,148,0.3254297296678068,0.16871850479712125,29.34812269152614,0.16584786025355805,-3.4803676862974426,1.623119302698084,3.875151878182697,1.0
2007-06-01,148,148,0.41155426045795135,0.21298502743860445,29.241325908953,0.40292341379146723,-3.8910336107821077,2.4645664627487593,4.630786852202662,1.0
2007-07-01,148,148,0.4981804273261099,0.311462945084342,28.279153704539322,0.013831734322352497,-5.077988083298142,3.2016886633795663,6.059683591045149,1.0
2007-08-01,148,148,0.7007317123892101,0.6522101676174458,27.427985442859146,-0.40337618980751594,-6.012719360557762,4.431354032980429,7.573044774904843,1.0
2007-09-01,148,146,1.3423305191353347,1.0168028383689296,26.717229129172658,-1.0153400671727082,-4.819321503510347,4.974504316175306,7.090541037281102,0.9864864864864865
2007-10-01,148,137,0.8383814565635214,0.6237259972040392,27.83451986728592,-0.2506407963387252,-3.4078939540966138,4.230672166154191,5.582462305960772,0.9256756756756757
2007-11-01,148,148,0.2776696072904451,0.15243924478518628,28.843551167067105,0.38379954053592436,-1.2068343549161342,3.112399101257324,3.727531118432501,1.0
2007-12-01,148,136,0.3686736993941627,0.1324839084490439,28.88486205336314,0.37360722717886696,2.2864188890199406,-0.5324277620057802,2.416647995663175,0.918918918918919
2008-01-01,148,148,0.29961407287595904,0.11559074080731896,28.693443128308115,0.1675392284939827,3.2154616536320866,-0.3228234729251346,3.313750819506898,1.0
2008-02-01,148,53,0.44430306796148106,0.225062347697668,28.67428876747067,0.07195479773854678,6.204624098700446,-3.2562956165623023,7.035262126100214,0.3581081081081081
2008-03-01,148,147,0.29292197823499333,0.1314297893494874,28.5494130491275,-0.42868133241500717,2.343546197221086,-0.5398890521075275,2.4809633851193946,0.9932432432432432
2008-04-01,148,148,0.29649502887903645,0.15667847328350354,29.012873222591644,-0.22068693184730098,-0.5062695580559808,0.39179838025892105,1.054250486003071,1.0
2008-05-01,148,148,0.3679553468840867,0.22252972830176404,28.84626788810324,-0.3358827293302406,-4.737734330667032,3.3292187355660103,5.845454707042373,1.0
2008-06-01,148,148,0.5628521327725245,0.4369429177054162,28.06603990846926,-0.7723513332346605,-4.842744595295674,2.9422826509217956,5.727362995361965,1.0
2008-07-01,148,148,0.9429897824023341,0.807402593102239,26.935075680484122,-1.330324728136075,-5.618077046162373,3.9825396924405485,7.00381484313353,1.0
2008-08-01,148,144,0.6974316236320972,0.5470890684899928,26.92486208713668,-0.9064406937547677,-5.975561477042533,4.050804215508538,7.309585692872011,0.972972972972973
2008-09-01,148,147,0.5305820973714783,0.4073407197919376,28.186456581493758,0.4538108007290174,-5.108869810362121,4.236059833217312,6.736644393085549,0.9932432432432432
2008-10-01,148,126,0.37286852175353963,0.23917397347868646,27.81103903787907,-0.27425457109106866,-3.81279486578864,3.7284865508208402,5.387658534568307,0.8513513513513513
2008-11-01,148,101,0.3143380457836239,0.1908219532830491,28.748436304040855,0.2884752181308293,0.1561825468733504,1.916442639118916,2.7037339927915456,0.6824324324324325
2008-12-01,148,146,0.26333564806464593,0.15515802263289755,28.490581332442027,-0.020714908075838003,1.7246719051051784,0.7538387195484059,2.578185640486923,0.9864864864864865
2009-01-01,148,148,0.4133548988905055,0.1375406324010972,28.767521173515423,0.241525713110354,3.7594724345851587,-1.5098104992428343,4.084977964187662,1.0
2009-02-01,148,146,0.3423030536049875,0.1352390526061385,28.567388380356274,-0.034177122724828625,5.6272715233467725,-2.407718246047561,6.169169600518031,0.9864864864864865
2009-03-01,148,148,0.32851487635910637,0.1403535125557962,28.81334506685877,-0.16379467783814072,1.4600524644593935,-0.06654412037617452,1.5966516986478387,1.0
2009-04-01,148,148,0.32769736887143014,0.17539574160521876,29.206837188875355,-0.026734233667302095,-0.10094918431462468,0.8513206275733741,1.2334572696018204,1.0
2009-05-01,148,148,0.29661982268395565,0.16379069477281677,29.653911707810764,0.4716913575434825,-1.4325056591549434,0.9284092413412558,1.8705624427043461,1.0
2009-06-01,148,148,0.3302165875587777,0.1555258951118022,29.575303367236714,0.7369842171748714,-3.286803451744286,1.538087174699113,3.6484747649622338,1.0
2009-07-01,148,148,0.42500408111286464,0.25371694105687576,29.017641008056138,0.7523256145066921,-4.792509130529456,3.1805333575686894,5.809498338461848,1.0
2009-08-01,148,148,0.4073041875065916,0.29052406377417883,28.64125481167355,0.8098866412482681,-5.06935385111216,3.8082952757139465,6.435873254847424,1.0
2009-09-01,148,148,0.38574618354027157,0.30913057272198524,28.37622684100727,0.6436216064657478,-4.800033930185679,4.939557539450155,7.0034470791610515,1.0
2009-10-01,148,144,0.26309696105987135,0.18719344646262487,28.78257781688088,0.6973931834596162,-4.254270347389015,4.005120715579471,5.917125449842748,0.972972972972973
2009-11-01,148,131,0.3546855836268831,0.1596144972042996,29.23136871483949,0.7715517831899159,-0.8897456091803473,1.887499706165211,2.646059742034071,0.8851351351351351
2009-12-01,148,145,0.3666765135650251,0.1980508680833873,29.05754512106738,0.54630120765132,-0.2829160432557802,0.8023676743378512,1.7234265041328152,0.9797297297297297
2010-01-01,148,147,0.3487246245287275,0.1261748773491086,28.835430945119548,0.3094289376174685,4.248848244950578,-1.6040960260339685,4.581361841567875,0.9932432432432432
2010-02-01,148,148,0.4822956795441113,0.2529702243977235,29.1313893192063,0.5298190028492081,0.6927900829830685,-0.3361371530068887,0.8203950044203904,1.0
2010-03-01,148,148,0.3633217986478413,0.1599134892906121,29.252501520989973,0.27539014170001525,1.1968152587478225,-0.12216209720920874,1.2909465816035959,1.0
2010-04-01,148,148,0.26604588709916893,0.12079237729916581,29.637693012512482,0.40418917991405534,2.589620461335053,0.7082210746971337,2.791142710160283,1.0
2010-05-01,148,148,0.31570161930539226,0.13735803917937933,29.897858956011877,0.7156604014928984,-2.1399679957209408,1.4813925768878011,2.626898599011788,1.0
2010-06-01,148,148,0.37268573352618467,0.19859802491765738,29.50490023767626,0.6665788133930717,-3.464086377942884,1.4495892138094515,3.784360788125575,1.0
2010-07-01,148,148,0.3500938033625524,0.18745521157566725,29.17006473366655,0.9047645814952286,-2.9062361846099023,1.596149831204801,3.33880549496832,1.0
2010-08-01,148,148,0.33678705703736195,0.1724755889045416,28.2801410443074,0.4488099283261067,-3.6694121231903902,1.789820232906857,4.103352569698957,1.0
2010-09-01,148,147,0.3108867459205389,0.1667574804854802,28.64127414763511,0.90870718548561,-1.394527512627679,1.4891095290312897,2.2050928963924044,0.9932432432432432
2010-10-01,148,148,0.2739161227294014,0.14242211764859425,29.20439777814937,1.1191804439719335,-0.2504966065690324,1.8551557386243664,2.7799681932082407,1.0
2010-11-01,148,79,0.21624562317196372,0.0953213847285868,29.071368711918325,0.6115472830198537,1.8013967050088422,0.3708561046703442,2.2262730327312554,0.5337837837837838
2010-12-01,148,130,0.26976767964952075,0.12773231705106294,28.676721249025807,0.16542937707906197,5.642488376514332,-2.1545577435880094,6.1399234307649655,0.8783783783783784
2011-01-01,148,136,0.38252627859301225,0.1329117470312426,28.184968887252612,-0.3410309422489194,5.645300684748469,-3.0664928281629407,6.447814883450074,0.918918918918919
2011-02-01,148,147,0.45973129951169883,0.1808230191203471,28.571152847706124,-0.030369207383902974,4.681345217936748,-2.5071744145573795,5.3300615744692585,0.9932432432432432
2011-03-01,148,146,0.3342328206811633,0.12526389619314696,28.911695080003017,-0.06540758336903145,4.502289849358636,-0.7791109600582637,4.736595425983116,0.9864864864864865
2011-04-01,148,148,0.29830997776415663,0.14903351401487647,29.052544390618266,-0.18090540096667163,1.5191833908493453,-0.0430071547224715,1.6668136909603346,1.0
2011-05-01,148,148,0.3396352254182693,0.19377835773938806,29.080600915624462,-0.10162379865558148,-1.4428481797914248,1.7854671478271484,2.4495832690667645,1.0
2011-06-01,148,148,0.4070983352936812,0.210063810107736,29.0463146609229,0.2079549498927385,-4.075466439530656,2.4996326291883313,4.838449122075889,1.0
2011-07-01,148,148,0.41065029805891645,0.27460796925897185,28.808911722228128,0.5435549129493236,-4.839699977153057,2.940701252705342,5.717154416988565,1.0
2011-08-01,148,148,1.4189082198250524,1.0004276224789923,27.23930845410281,-0.5921817648097867,-5.495410455239786,4.047340960116,6.963106826186243,1.0
2011-09-01,148,148,2.247763976301787,1.6320955097930312,26.359846252578873,-1.3726914106389962,-4.95047394005028,4.431582889041385,6.7839085162449315,1.0
2011-10-01,148,146,0.9096939020057254,0.741362310906091,27.512891704556,-0.5722733082094675,-4.030348520021181,3.1899323076815222,5.223929590996896,0.9864864864864865
2011-11-01,148,148,0.3536909056372913,0.21746525394929925,28.60790703146307,0.14801801460593736,-1.521194973507443,2.393003747269914,3.1369621721760845,1.0
2011-12-01,148,142,0.2674295322834984,0.13030269138647405,29.146147984053222,0.6348713890063952,2.4171947788547823,-0.6053363954698717,2.577774989000774,0.9594594594594594
2012-01-01,148,143,0.23445094058963606,0.1167649230143012,28.698203387422573,0.17215343981164438,5.976694132830645,-2.3027374422228015,6.455170727075736,0.9662162162162162
2012-02-01,148,148,0.3733362478784223,0.14211723865805134,29.046870264958137,0.4444338201431476,1.3057931693824563,-0.14944470895303263,1.366320425361696,1.0
2012-03-01,148,148,0.25426728863262854,0.12363868075143974,28.86739476119942,-0.11055579517116247,5.384218422142235,-2.1462906760138436,5.916909809839611,1.0
2012-04-01,148,148,0.3017361496561535,0.1476633933768354,29.82512770300513,0.5916869227648587,-1.4821495365452122,1.1228139207169816,2.0322137824619473,1.0
2012-05-01,148,148,0.2983296091234437,0.138771676523871,30.141725565936113,0.9595662371585115,-3.439961278760755,2.0274398906810864,4.025969680541768,1.0
2012-06-01,148,148,0.35448486771955684,0.17132213815086178,28.97547232138144,0.13713062733940376,-3.8891563931026973,1.8730092177519928,4.3521415151721525,1.0
2012-07-01,148,148,0.49425057327471106,0.40480106124352344,27.7325778751656,-0.5327920540769396,-5.680744351567449,3.8139721380697713,6.939590513154858,1.0
2012-08-01,148,148,0.8073945699862751,0.6967891581738666,26.859264866414026,-0.9720422611372918,-6.107273797731142,4.6317384307448926,7.798310400213333,1.0
2012-09-01,148,147,0.9225544864073398,0.6770773453205057,26.854539945963268,-0.8779661959364407,-4.620425533603978,4.586806451952135,6.645275703200168,0.9932432432432432
2012-10-01,148,116,0.5235203019186482,0.34469823395187477,27.79585595367884,-0.2894485544282602,-3.9633494454461173,3.5449002755654826,5.394895370981077,0.7837837837837838
2012-11-01,148,130,0.28347290579786155,0.16003988958206888,28.828882249625952,0.3691441353318189,-3.1391132715586068,2.8442547256882125,4.288385931215764,0.8783783783783784
2012-12-01,148,146,0.2624228079131749,0.13272792688415613,29.044931790469104,0.5335614516256895,2.4706589724566483,-0.5051443254625475,2.6601457214483903,0.9864864864864865
2013-01-01,148,148,0.3321155805933353,0.12091049355969455,28.44527838057607,-0.08068439213164416,5.044679409748799,-2.3228773684115023,5.5776589589813215,1.0
2013-02-01,148,148,0.39315827487044197,0.1251459929839519,29.026150406557623,0.4294401440584248,3.643508833807868,-2.114219175802695,4.232709776478435,1.0
2013-03-01,148,148,0.3693853963417384,0.1486109229590969,29.044949224749747,0.06687009436587472,1.1674921448166307,0.0776510496397276,1.211120164533946,1.0
2013-04-01,148,148,0.29729222269937317,0.153470621499747,29.46095877037392,0.2274594537234185,0.7444077053585568,-0.10426057351602096,1.2390753737920321,1.0
2013-05-01,148,148,0.3235167745024351,0.1480886906479093,29.838401663064335,0.6562968460865701,0.05514041797534832,0.5419579583245355,1.0520916225725983,1.0
2013-06-01,148,148,0.28663824150485273,0.1325877902942328,29.271943047669556,0.43374098053386617,1.5079426121067359,-0.3148110621684306,1.8055461785709306,1.0
2013-07-01,148,148,0.40417356896436574,0.20153359215500344,28.957917853241497,0.6925631922116761,-3.954407021806047,2.030684496905353,4.46182973159047,1.0
2013-08-01,148,148,0.340154434052971,0.16650694125730797,28.406514206863843,0.575084990591181,-5.603535291310903,3.2928048984424487,6.549802252095034,1.0
2013-09-01,148,148,0.4383685636009439,0.31017962372951075,28.18307819022789,0.45058557490591666,-5.244527868322424,4.142879125234243,6.757702309052257,1.0
2013-10-01,148,148,0.33054945220290183,0.2015607851174016,28.520502841254373,0.435326929764421,-3.885513151014173,3.638536685221904,5.401887978573163,1.0
2013-11-01,148,144,0.2836495629789468,0.1331708385149655,29.276019616169975,0.816182413332265,-0.5072585698720571,1.8697617247297962,2.3370170021121432,0.972972972972973
2013-12-01,148,147,0.3326950318873071,0.1796972388303556,28.8807077490982,0.369337392917736,1.9870122703346047,-0.6088518967499604,2.2289498949324718,0.9932432432432432
2014-01-01,148,147,0.4069599975454346,0.1547181391981393,28.926749592775245,0.40065822931803896,3.807243321392987,-2.277156623634132,4.477809689703238,0.9932432432432432
2014-02-01,148,141,0.40634501182845784,0.2082064465072522,28.601553443776133,7.2391550901499075e-06,3.01402388392268,-2.438202935296136,3.9649983622588407,0.9527027027027027
2014-03-01,148,148,0.3797520968926222,0.22744946562885893,28.82889430254776,-0.14820400696920122,-0.7204393696140599,0.0016410415237014522,1.102654349427564,1.0
2014-04-01,148,148,0.299861949912442,0.14805657804052275,29.41337096197111,0.17973197772889185,2.3617774087029533,-0.13206396876154722,2.5805229180120817,1.0
2014-05-01,148,148,0.3070563097392408,0.13911524678873172,29.49822295553911,0.3159633754531722,-3.1099714846224398,0.9304525787765915,3.2880878355714436,1.0
2014-06-01,148,148,0.33158518905518175,0.14666880722247383,29.503598419825234,0.6653986326402037,-1.7932093079025682,0.8922319927731076,2.1405239904404065,1.0
2014-07-01,148,148,0.34575246441346874,0.1586927595097508,28.89794180054403,0.6325610135552013,-3.810621184271735,2.7443517220986857,4.763009689804468,1.0
2014-08-01,148,148,0.3665117495066603,0.2158943909601943,28.632076534480767,0.8007301462504853,-5.545203183148359,3.0533127140354464,6.389424909801181,1.0
2014-09-01,148,148,0.39790652070730753,0.2677332366271915,27.88699939100592,0.15452477080739097,-5.532332136824325,4.250135215553078,7.074779324803693,1.0
2014-10-01,148,130,0.4644843862577578,0.3982379442985656,28.52664713414732,0.4414625008856032,-5.080509830165553,4.259558935423155,6.717585163231425,0.8783783783783784
2014-11-01,148,135,0.2560325581907124,0.180817149248123,29.231537631610493,0.7715675493643561,-2.3521667944418416,2.454277786048683,3.590895021464943,0.9121621621621622
2014-12-01,148,145,0.2726291188036192,0.1554568400059104,29.16349323957821,0.6521338117954425,3.6753652160232133,-1.6041030110539616,4.140156622222283,0.9797297297297297
2015-01-01,148,148,0.37952761861210565,0.1203576066168226,28.595823287963867,0.06986050414280362,4.0214521047231315,-1.8048413766397011,4.434188354467009,1.0
2015-02-01,148,148,0.5103242103171071,0.1732713004778203,28.932653792576442,0.3310617678371729,1.366128869958826,-1.423391831887735,2.033531926340477,1.0
2015-03-01,148,148,0.31443643007723676,0.103691302094553,29.06094528096805,0.08389494103584974,1.9758558015565615,-1.0508986292658626,2.245756295668027,1.0
2015-04-01,148,148,0.33536287470183385,0.1949276677169173,29.670021860449165,0.4365315206583824,1.6919501536601298,-0.2244177380123654,1.7655688275349584,1.0
2015-05-01,148,148,0.3096767095124924,0.15772047372002365,29.823761307268217,0.6415126263947529,-4.193032032734639,1.9927650657860008,4.6768704849898945,1.0
2015-06-01,148,148,0.365064172086603,0.20604347020809327,29.35544978691651,0.5171711584695757,-5.2392781747354045,2.5390478340355127,5.880291270347654,1.0
2015-07-01,148,148,0.49300159721662085,0.25382716496459173,28.560372074895458,0.2950043522037481,-5.1282931147394955,3.0610699267000765,6.040932239463164,1.0
2015-08-01,148,148,0.5618351518382246,0.46829467874610214,27.995252217223776,0.16393853132730735,-5.786753035880424,3.9265174865722656,7.10548375028808,1.0
2015-09-01,148,147,1.0713953171383261,0.9465487612458712,27.196197592245568,-0.5362702581674901,-5.34533253231564,4.38523766801164,7.057556632445197,0.9932432432432432
2015-10-01,148,86,0.701286301120027,0.557353002428757,28.36501245573488,0.27964471885000713,-5.033219389013342,3.6640822178608663,6.362966872715616,0.581081081081081
2015-11-01,148,143,0.41644982005852954,0.2547281449869534,28.647134494781497,0.18723423016249194,-3.2427541887437976,2.93510424124228,4.445313622537316,0.9662162162162162
2015-12-01,148,148,0.28766822934558645,0.12334215215305944,29.489452268938035,0.978062313447488,1.0002601726635083,0.6992533142502243,1.5991416693462277,1.0
2016-01-01,148,148,0.3297780410780978,0.1353910054686269,30.18162310882143,1.6556211482756222,-0.006094236631651163,-0.7309402517370276,0.8943803335803105,1.0
2016-02-01,148,148,0.3032351901766388,0.10068187826680655,29.90553288135369,1.3031709852449609,2.273284860559412,-1.3236293019475163,2.665297305924528,1.0
2016-03-01,148,148,0.3484348285404097,0.13176004922548915,30.24532189531335,1.2672079042210824,0.9065637846250791,-0.7625775466094146,1.2310878752966363,1.0
2016-04-01,148,148,0.3497761873738395,0.12659617718324015,30.381105172097147,1.1474684419630614,-1.4573318636095203,0.07244800876926731,1.5300581774430835,1.0
2016-05-01,148,148,0.30023758540976586,0.1565980084133194,30.382028509038577,1.1998670174611965,-1.830278035756704,0.7351967837359454,2.005817661051962,1.0
2016-06-01,148,148,0.3093635484305416,0.09550540379677686,29.920677240474806,1.08237384957941,-1.0367736043156803,0.3888363967070708,1.2937023038292117,1.0
2016-07-01,148,148,0.2984551739217524,0.1219140979130996,29.632704196021983,1.3672950859421114,-1.593042889156857,0.9823302964906435,1.9218893821812066,1.0
2016-08-01,148,148,0.3013711935211633,0.128519814789946,29.327863329893212,1.4965191469385688,-2.4196250760877454,2.0208790495588973,3.255957925339085,1.0
2016-09-01,148,148,0.2616451904001887,0.1280519428321183,29.320913754712354,1.5885089719013588,0.00019506506017736487,0.8534109270250475,1.6916547183444002,1.0
2016-10-01,148,102,0.24866911852531656,0.0980194628543862,28.864182009942237,0.7789559542289151,1.2626902348286397,0.5213730786297772,2.0595443543346756,0.6891891891891891
2016-11-01,148,145,0.30966022036963003,0.1238781135345383,28.9055106287604,0.445666656292438,0.27432230356577286,0.2695430291665566,1.5333794512528756,0.9797297297297297
2016-12-01,148,141,0.2545266733398909,0.1454018678623559,28.813002852013344,0.3017414922719625,5.093342626417005,-1.2932299021128062,5.433148775490737,0.9527027027027027
2017-01-01,148,145,0.3323297387920751,0.1349823578312963,28.635875583006804,0.10985178478490869,5.712259369927484,-2.7944679518003723,6.408965696428086,0.9797297297297297
2017-02-01,148,147,0.4436385177089236,0.1325288772232461,28.695284128189087,0.09368966984325248,3.9532141556610934,-1.2195117795789563,4.1777884687629605,0.9932432432432432
2017-03-01,148,148,0.3753239404397076,0.18141787537808995,28.949367268353626,-0.027783347405379563,2.750105574324324,-0.9173965969601193,2.984404822548148,1.0
2017-04-01,148,148,0.3298413040610682,0.1661454881332865,28.82478089933997,-0.40870269285389094,0.7189565607019373,1.008440301224992,1.7567225623020017,1.0
2017-05-01,148,148,0.377665934844085,0.21879718831999928,29.053865961542105,-0.12838491400437463,-4.655193225757496,2.626119897172258,5.373859524751136,1.0
2017-06-01,148,148,0.382653426031816,0.18691856854632777,28.883226831109674,0.044912161057194075,-4.026591790689005,1.749321834461109,4.418228794508107,1.0
2017-07-01,148,148,0.4519877601288407,0.26773492889085154,28.345581315763123,0.0803225784515434,-5.557753640252191,3.641663242030788,6.6895437775696704,1.0
2017-08-01,148,148,0.7316019719515456,0.6058413240545804,27.458135835586056,-0.3732061809206539,-5.989430376001306,4.269808820776038,7.458521107426912,1.0
2017-09-01,148,148,0.418294660376887,0.3564582776106434,27.959143526919256,0.2265135079467048,-4.8360530492421745,3.9031114320497253,6.316836061076273,1.0
2017-10-01,148,147,0.3220624853607192,0.1683598508437474,28.517935299312125,0.43268961486314866,-2.7562496339952625,3.6078002001788163,4.8077355256760415,0.9932432432432432
2017-11-01,148,138,0.26928135337873454,0.1736327525036757,28.956143502501753,0.49634007795227203,1.3435930045875344,1.152546908404376,2.27803935512819,0.9324324324324325
2017-12-01,148,134,0.2881292494011326,0.1624079484636617,28.51160357698941,0.0003378377170176116,4.011185001682591,-0.5101845715496991,4.158230536907675,0.9054054054054054
2018-01-01,148,102,0.33060556206183783,0.1366664945668138,28.487691195404,-0.03829773243008394,6.468972798940298,-2.591658643774084,7.056617106287232,0.6891891891891891
2018-02-01,148,147,0.3532830727544409,0.1281105543280155,28.521625829019143,-0.07996862742494301,3.399653331653492,-1.496440114201726,3.7399622263637964,0.9932432432432432
2018-03-01,148,148,0.43519214932278194,0.17482817656720154,29.16574912832006,0.18864428472592323,2.0787998663412557,0.21120767335633972,2.160919842196223,1.0
2018-04-01,148,148,0.3583966790816834,0.2130675883201714,29.668436264776968,0.4349594488609918,-2.3613948048772038,0.7505938813493059,2.5120537604497812,1.0
2018-05-01,148,148,0.35372865753385585,0.196138850495353,29.31944353474465,0.13721228940875219,-4.644355696600837,1.6489840327082455,4.992536470152644,1.0
2018-06-01,148,148,0.3719777281492124,0.22110071341360385,29.06478313712386,0.226398643216974,-4.584423889984956,2.28534206184181,5.155886913965074,1.0
2018-07-01,148,148,0.6001495990268143,0.49866971974481655,27.416629729732392,-0.8486311918347035,-5.4293534562394425,4.118019439078666,6.9181483940839685,1.0
2018-08-01,148,148,0.5525370821128066,0.4654085134547409,27.40951116706562,-0.4218613675409001,-5.622486011402027,4.565290193299989,7.3676957042381535,1.0
2018-09-01,148,148,0.9178988184027638,0.6279247595058385,26.921285446699674,-0.81139187284804,-5.085381378998628,4.661021541904759,6.983029675651002,1.0
2018-10-01,148,107,0.41698085959782233,0.3352796551544096,28.013883411520546,-0.07132301482460489,-4.254358884450552,4.1396111668767155,6.035804481394493,0.722972972972973
2018-11-01,148,144,0.2344694295898493,0.1387282946778485,28.852179543177282,0.39218692766494107,-1.7972921938509554,2.7721491375484986,3.5191733963952903,0.972972972972973
2018-12-01,148,139,0.25139458930460723,0.1111904744492678,28.788458383488678,0.2771098452824011,1.028291805370434,1.8113862372733451,2.5769565384315203,0.9391891891891891
2019-01-01,148,148,0.2776827255651332,0.103368599520868,29.009144948894498,0.48316040672743465,3.170122687881057,-1.3999817822430585,3.487774135409681,1.0
2019-02-01,148,147,0.46470159302638575,0.1618903093635549,29.075231010389146,0.47381272988571893,-0.6987986693511138,0.2747575141288139,1.310720634437391,0.9932432432432432
2019-03-01,148,148,0.27917156528040926,0.16303657755365109,29.257431764444686,0.28027462280771925,1.9693795281487538,-0.7637469059712177,2.167571120497174,1.0
2019-04-01,148,148,0.3055094440467671,0.14804402143437784,29.557048870636535,0.32360584785876506,-0.7610953820718301,0.8476738027624182,1.5417358308785913,1.0
2019-05-01,148,148,0.3681814353990527,0.1920532134697881,29.28162967961252,0.09936137491903722,-4.098501901368837,2.508800790116594,4.849692217061147,1.0
2019-06-01,148,148,0.7118392613443019,0.5639173172656642,28.26417730004938,-0.5742499867475147,-5.467028798283757,3.408018936982026,6.520447010051906,1.0
2019-07-01,148,148,0.7400796953338734,0.6675774089981257,27.494428321602246,-0.770906695392902,-6.123860745816617,4.040126723212165,7.434429148735603,1.0
2019-08-01,148,148,1.3438916994355374,1.0347298658989825,26.16897499571703,-1.6623866226797748,-5.540233869810362,4.534500998419684,7.305279943339364,1.0
2019-09-01,148,148,1.748432742705453,1.2482898472318782,26.182844002612004,-1.5497927565782055,-5.312547580615894,4.473092903962007,7.1111132256178635,1.0
2019-10-01,148,144,1.6265909375382233,0.9994038376851966,26.57909486848786,-1.5061006637086316,-3.985818914465002,4.439248832496437,6.104168660781691,0.972972972972973
2019-11-01,148,148,1.8970892999931346,1.1447464963500547,27.548258380632145,-0.9117612405755633,-3.1500834387701913,3.793541315439585,5.053546139993519,1.0
2019-12-01,148,148,0.9498679401512528,0.7428433796267673,28.527826303799667,0.016506102890971444,-0.7553393647477433,1.0805467657140784,1.9236031785396683,1.0
2020-01-01,148,148,0.5032301265797468,0.23976309188179123,29.17534589060723,0.6493787989816072,2.182347735843143,-1.3242499635026261,2.5785673884393376,1.0
2020-02-01,148,143,0.3388859878916357,0.1681852138566905,29.32339867230119,0.7209412691466344,1.499477283374683,-0.9447056022850243,1.8888634241849227,0.9662162162162162
2020-03-01,148,147,0.36798554234586145,0.1668900284706138,29.755916940926884,0.777846538143455,1.5931364265648094,-0.9278888186892947,1.8567344764735303,0.9932432432432432
2020-04-01,148,148,0.3786199037318706,0.1805267888837241,29.943303376704726,0.7098580914637628,-0.4185757765898833,0.11306257505674618,0.6310193197982489,1.0
2020-05-01,148,148,0.39981989186157696,0.16893568108271229,29.796501054905143,0.6142959752259736,-2.294794211516509,0.5718199755694415,2.4100774323107315,1.0
2020-06-01,148,148,0.36976961667770186,0.18228935349580233,29.460593919925863,0.6222905258459316,-5.056172164710793,2.129142838555414,5.533920760838191,1.0
2020-07-01,148,148,0.5145258773772248,0.30514984679868173,28.89469638905945,0.6293875181332146,-5.898728679966283,3.2294442460343644,6.781121881853677,1.0
2020-08-01,148,148,0.3934750856907147,0.258265153986878,28.550099625624878,0.7187772282884791,-5.589947210775839,3.234601458987674,6.518977400235671,1.0
2020-09-01,148,145,0.4674328372096002,0.3453031933192464,28.168533159376263,0.4359999897080129,-5.404281074936326,4.266043018650365,6.967422917418159,0.9797297297297297
2020-10-01,148,129,0.3298420423881987,0.1973880810677983,28.44810095141011,0.36293155192896887,-2.8914952922511743,3.3482492292249524,4.5980729527335225,0.8716216216216216
2020-11-01,148,131,0.23177754427569242,0.1214969468848486,29.118611946621456,0.6586486331862607,-1.4105451944712046,2.0487775029362862,2.70537343762095,0.8851351351351351
2020-12-01,148,142,0.27951277033671,0.1328155091100984,28.623576088167837,0.11232127009914519,5.2863773397497225,-1.1355838260135136,5.524136044811621,0.9594594594594594
2021-01-01,148,104,0.23125768675963537,0.1032990606425364,28.069668085136517,-0.4564058304197579,4.138917459023966,-2.877604871182829,5.052881623039136,0.7027027027027027
2021-02-01,148,147,0.3666560341624396,0.1242197933507168,28.118201581207483,-0.4833445832417364,4.016978521604796,-2.904631769334948,4.994364151962032,0.9932432432432432
2021-03-01,148,148,0.3065105659192636,0.12390391509586124,29.1178916716638,0.14087619527454998,2.337723628894703,-0.42222138997670766,2.405647730217151,1.0
2021-04-01,148,148,0.25138449797369766,0.13019204258072425,29.140699794700552,-0.09283333109977007,0.37637775008742874,-0.1301604348260003,0.6471945452808696,1.0
2021-05-01,148,148,0.3353507397429547,0.1593391560280224,29.660103940506445,0.47772884643624464,-3.678363851598791,1.735302744684993,4.104929063410454,1.0
2021-06-01,148,148,0.337116235387583,0.1620936078991931,29.355553390743495,0.517191428970965,-1.7489331219647382,1.1507429432224583,2.170474857538785,1.0
2021-07-01,148,148,0.37747131250747457,0.20650176685988647,29.241119655818657,0.9758783552987272,-4.127551568521036,2.010869773658546,4.6181820739330774,1.0
2021-08-01,148,148,0.3888989715283104,0.21935073991216358,28.379428334722544,0.5480732218437092,-5.546727979505384,3.6064757012032174,6.6693113176286065,1.0
2021-09-01,148,148,0.43924926164985906,0.2871067273028314,28.18011199719197,0.44752701595509503,-5.119839358974147,3.6002441612449854,6.316923385990559,1.0
2021-10-01,148,141,0.2895845504072014,0.1800654876624423,28.9264923921334,0.8412031189005891,-2.9843226252375423,3.434451180535394,4.691164763522394,0.9527027027027027
2021-11-01,148,133,0.2619301228636727,0.1307908887868818,28.905956567729913,0.4460900793447754,3.1948611542985246,-0.7272441967113598,3.5546411300627496,0.8986486486486487
2021-12-01,148,143,0.28507308031737033,0.1157104039609855,28.753558672295515,0.24234306295105978,2.5570688763180294,-0.5236065323288376,2.714017919801953,0.9662162162162162
2022-01-01,148,147,0.27773840986820547,0.1094643598171377,29.437292271109385,0.9112990201648191,2.812085976471772,-0.6738822266862199,2.933729353841799,0.9932432432432432
2022-02-01,148,146,0.4575307443324166,0.1420554815581083,28.82836568033373,0.22680260056834733,3.596400647550016,-1.7379443452164933,4.027261532675259,0.9864864864864865
2022-03-01,148,146,0.2843145262715398,0.1379324586104917,29.078591324707272,0.10155405146260635,3.5951235487654403,-0.8534882777446026,3.866444343557973,0.9864864864864865
2022-04-01,148,145,0.2893574008588552,0.144139924374242,29.729546602352247,0.4960450336920215,1.5253162126283388,0.1641758583687447,1.7207218714672823,0.9797297297297297
2022-05-01,148,148,0.3047625868744465,0.1149220548175848,30.00492957039511,0.822672169035627,-0.2807961541253167,0.4164352932491818,0.9397815976949563,1.0
2022-06-01,148,148,0.38377462344457836,0.1612247181366548,29.586605179846824,0.7483648469268873,-2.095019314740155,1.326595641471244,2.545202251626108,1.0
2022-07-01,148,148,0.4222148640636901,0.2431731132044338,29.134811896080542,0.8694899539806682,-4.361295777398187,2.0583387581077788,4.852004665119111,1.0
2022-08-01,148,148,0.36020086301751436,0.2162203745784689,29.022462300663946,1.1911159279433898,-4.831419455038534,3.1865537231032914,5.836425051912576,1.0
2022-09-01,148,141,0.3389594114132172,0.1881130116887748,28.683125500206476,0.9505360145025324,-3.290973379805281,2.8869630968248523,4.473378926514871,0.9527027027027027
2022-10-01,148,134,0.29244548688230587,0.1325914632438423,28.522396941962405,0.4372253600270881,-0.7431797079137854,2.2745892808244035,3.015571322156207,0.9054054054054054
2022-11-01,148,145,0.24156625923335381,0.1077066918833364,28.540015146753813,0.08021846634067326,1.5105900377840609,0.7715188877002613,2.4492080487582912,0.9797297297297297
2022-12-01,148,96,0.31178883410759434,0.12150785232491876,28.424064341065357,-0.08715998034545892,3.788040238457757,-1.0909009624171901,4.040061381280798,0.6486486486486487
2023-01-01,148,144,0.2845891329674165,0.10696003350891009,28.370727378592452,-0.15520923793211955,4.060148471110576,-1.0850826727377403,4.295166619071113,0.972972972972973
2023-02-01,148,141,0.3226814181930874,0.1110280600358087,28.094123421488582,-0.5074686172020956,5.437306326788825,-2.8154637104756124,6.155091673978625,0.9527027027027027
2023-03-01,148,148,0.4905345981450304,0.19697818145459817,28.67861968076219,-0.29839362838502836,0.6131588446127402,-0.13541139138711467,0.8351567362124456,1.0
2023-04-01,148,148,0.2970617588459805,0.14085284259561945,29.302312396023723,0.06876125945457935,0.6923394589810759,0.866532918569204,1.4372282197290618,1.0
2023-05-01,148,148,0.3172749305986152,0.16494319588158965,29.69757126223657,0.5153770583288771,-3.2946232202890755,2.035606977101919,3.9188554499801045,1.0
2023-06-01,148,148,0.3710153693433762,0.20186571972748218,29.115666017876013,0.2773693625370527,-4.301528466714395,2.8520777418806746,5.202253351946368,1.0
2023-07-01,148,148,0.5274890085875128,0.35843266558485204,28.290158491708343,0.024777680057333985,-5.567931819606471,3.995502471923828,6.930461954536329,1.0
2023-08-01,148,148,1.0313450213887527,0.8298803275557765,27.232436187597806,-0.5989821131268894,-5.578868324692185,4.28539108585667,7.161607528967257,1.0
2023-09-01,148,148,2.3518815664166914,1.513545553827785,26.59712327407287,-1.1353107852789968,-4.9061286771619645,4.541960355397817,6.842356006982801,1.0
2023-10-01,148,140,2.8934786524139864,1.8208581545785525,27.181263548660613,-0.9039276154154023,-3.566607243305928,3.8534410579784497,5.36270169425713,0.9459459459459459
2023-11-01,148,143,2.4671049610419646,1.5502858319734518,28.15515027432828,-0.30473873145827973,-2.692188262939453,3.4401891038224504,4.489391533188156,0.9662162162162162
2023-12-01,148,148,1.809366478351631,1.1256877988801355,28.06737512947688,-0.44387313753606805,-1.518474063357791,2.8792214264740816,3.6772708801545924,1.0
2024-01-01,148,144,0.4827732493265375,0.259303538156003,29.097778324054033,0.5718243104781641,2.705275638683422,0.10459657617517419,2.7700759329080498,0.972972972972973
2024-02-01,148,148,0.39761172815861023,0.15621705867652985,29.459314321871684,0.8569035216313609,1.004735534255569,-0.21359392114587733,1.2101146446911188,1.0
2024-03-01,148,148,0.41565991539652425,0.1783900333269779,29.172521130562664,0.19437445060097475,2.3868516200297587,-0.3557061891298036,2.4593062152605305,1.0
2024-04-01,148,147,0.46887221539803725,0.2944489269771005,29.933114187996665,0.6997116949270807,-2.984843176764411,2.1613014839790963,3.713032412089198,0.9932432432432432
2024-05-01,148,148,0.5218095977615622,0.3097836379604362,29.55937159903276,0.3770902260306511,-4.948858080683528,2.340576068775074,5.5275737817187105,1.0
2024-06-01,148,148,0.4113293709047813,0.1996020361996439,29.923211037575662,1.08487159637986,-3.9280963846155115,1.7036972561398067,4.3217633766551256,1.0
2024-07-01,148,148,0.5270120819184528,0.34095157293216594,29.31241432520859,1.0470313621995893,-5.36903342685184,2.9592335159714156,6.177673813488818,1.0
2024-08-01,148,146,1.160966120867492,0.981227347232807,27.477521175078547,-0.353794674305838,-5.692659326501794,4.474431450302537,7.353147710057628,0.9864864864864865
2024-09-01,148,148,0.6690620517722761,0.5151998057938373,28.00008947398211,0.2674459395372216,-4.348987682445629,3.988954904917124,5.993473893257461,1.0
2024-10-01,148,148,0.2706125828291826,0.15718114912554831,29.35532844887678,1.270065358437601,-3.2011109171686947,3.544602368329022,4.981779011484536,1.0
2024-11-01,148,132,0.23312408576702498,0.13632944681147646,29.699350686545845,1.2394819544645044,0.12791718663396062,0.6961715028092668,1.4390228802819707,0.8918918918918919
2024-12-01,148,103,0.18780477759944517,0.1159794311969755,29.029260483220437,0.5179664216076577,5.626574516296387,-2.689857586010082,6.319012805114377,0.6959459459459459
2025-01-01,148,148,0.3539342620897942,0.10478364656769346,28.803929194639117,0.2779838643584858,4.38070552413528,-2.11186679633888,4.895479967907015,1.0
2025-02-01,148,142,0.4005182893446243,0.16771904434516235,28.92495109353747,0.3234773090767268,3.0884820835010425,-2.139183018658612,3.7761637363717044,0.9594594594594594
2025-03-01,148,148,0.4112676070646221,0.23576531057417516,29.098750434133837,0.12171752079582421,3.142430846755569,-1.7681350192508183,3.6289541486219834,1.0
2025-04-01,148,148,0.3924293492616584,0.1660638296362399,29.516467777028815,0.28296395744624975,0.4358112489854967,0.5539243543470228,1.367168558412194,1.0
2025-05-01,148,148,0.3530801523304451,0.15324453140832528,29.684984059570763,0.5027026905878768,-0.45054569759884405,0.8615539138381546,1.4847953167445247,1.0
2025-06-01,148,148,0.3161709912693984,0.15136967200339074,29.375587172980783,0.5372364735075582,-3.1947368157876506,1.5698853570061762,3.5906836947151892,1.0
2025-07-01,148,148,0.46994044747090047,0.280135449154167,28.97997537819115,0.7146359903911662,-4.532386754010175,2.9145350327362887,5.437199304396614,1.0
2025-08-01,148,148,0.3799094338499521,0.21801240587024726,28.959027272883766,1.1276263908565096,-3.860867371430268,2.257379789610167,4.5080300723471876,1.0
2025-09-01,148,140,0.3814139133295893,0.2093855555053876,28.741602981842316,1.0089549324512985,-4.423746521408494,2.9652146519841374,5.363130845171307,0.9459459459459459
2025-10-01,148,148,0.334889614421491,0.16968820210645164,29.103201172304026,1.0179882067123325,-2.39460767282022,2.713582270854228,3.804536425620135,1.0
2025-11-01,148,140,0.2566484561631217,0.11592753001287165,28.941503871024192,0.48158557412617314,2.843117095328666,0.4651713242401947,3.2830342334371276,0.9459459459459459
2025-12-01,148,144,0.26447883999439536,0.1039999684513429,29.09383325901048,0.5825610148319332,2.7322625082892342,-0.4110735558174752,2.862722154598829,0.972972972972973
