month,raw_subset,status,n_daily_files
2003-01-01,D:\thesis\data\raw\sst\OISST_v2.1_daily_subset\2003\oisst_daily_subset_200301_v1.nc,ok,31
2003-02-01,D:\thesis\data\raw\sst\OISST_v2.1_daily_subset\2003\oisst_daily_subset_200302_v1.nc,ok,28
2003-03-01,D:\thesis\data\raw\sst\OISST_v2.1_daily_subset\2003\oisst_daily_subset_200303_v1.nc,ok,31
2003-04-01,D:\thesis\data\raw\sst\OISST_v2.1_daily_subset\2003\oisst_daily_subset_200304_v1.nc,ok,30
2003-05-01,D:\thesis\data\raw\sst\OISST_v2.1_daily_subset\2003\oisst_daily_subset_200305_v1.nc,ok,31
2003-06-01,D:\thesis\data\raw\sst\OISST_v2.1_daily_subset\2003\oisst_daily_subset_200306_v1.nc,ok,30
2003-07-01,D:\thesis\data\raw\sst\OISST_v2.1_daily_subset\2003\oisst_daily_subset_200307_v1.nc,ok,31
2003-08-01,D:\thesis\data\raw\sst\OISST_v2.1_daily_subset\2003\oisst_daily_subset_200308_v1.nc,ok,31
2003-09-01,D:\thesis\data\raw\sst\OISST_v2.1_daily_subset\2003\oisst_daily_subset_200309_v1.nc,ok,30
2003-10-01,D:\thesis\data\raw\sst\OISST_v2.1_daily_subset\2003\oisst_daily_subset_200310_v1.nc,ok,31
2003-11-01,D:\thesis\data\raw\sst\OISST_v2.1_daily_subset\2003\oisst_daily_subset_200311_v1.nc,ok,30
2003-12-01,D:\thesis\data\raw\sst\OISST_v2.1_daily_subset\2003\oisst_daily_subset_200312_v1.nc,ok,31
2004-01-01,D:\thesis\data\raw\sst\OISST_v2.1_daily_subset\2004\oisst_daily_subset_200401_v1.nc,ok,31
2004-02-01,D:\thesis\data\raw\sst\OISST_v2.1_daily_subset\2004\oisst_daily_subset_200402_v1.nc,ok,29
2004-03-01,D:\thesis\data\raw\sst\OISST_v2.1_daily_subset\2004\oisst_daily_subset_200403_v1.nc,ok,31
2004-04-01,D:\thesis\data\raw\sst\OISST_v2.1_daily_subset\2004\oisst_daily_subset_200404_v1.nc,ok,30
2004-05-01,D:\thesis\data\raw\sst\OISST_v2.1_daily_subset\2004\oisst_daily_subset_200405_v1.nc,ok,31
2004-06-01,D:\thesis\data\raw\sst\OISST_v2.1_daily_subset\2004\oisst_daily_subset_200406_v1.nc,ok,30
2004-07-01,D:\thesis\data\raw\sst\OISST_v2.1_daily_subset\2004\oisst_daily_subset_200407_v1.nc,ok,31
2004-08-01,D:\thesis\data\raw\sst\OISST_v2.1_daily_subset\2004\oisst_daily_subset_200408_v1.nc,ok,31
2004-09-01,D:\thesis\data\raw\sst\OISST_v2.1_daily_subset\2004\oisst_daily_subset_200409_v1.nc,ok,30
2004-10-01,D:\thesis\data\raw\sst\OISST_v2.1_daily_subset\2004\oisst_daily_subset_200410_v1.nc,ok,31
2004-11-01,D:\thesis\data\raw\sst\OISST_v2.1_daily_subset\2004\oisst_daily_subset_200411_v1.nc,ok,30
2004-12-01,D:\thesis\data\raw\sst\OISST_v2.1_daily_subset\2004\oisst_daily_subset_200412_v1.nc,ok,31
2005-01-01,D:\thesis\data\raw\sst\OISST_v2.1_daily_subset\2005\oisst_daily_subset_200501_v1.nc,ok,31
2005-02-01,D:\thesis\data\raw\sst\OISST_v2.1_daily_subset\2005\oisst_daily_subset_200502_v1.nc,ok,28
2005-03-01,D:\thesis\data\raw\sst\OISST_v2.1_daily_subset\2005\oisst_daily_subset_200503_v1.nc,ok,31
2005-04-01,D:\thesis\data\raw\sst\OISST_v2.1_daily_subset\2005\oisst_daily_subset_200504_v1.nc,ok,30
2005-05-01,D:\thesis\data\raw\sst\OISST_v2.1_daily_subset\2005\oisst_daily_subset_200505_v1.nc,ok,31
2005-06-01,D:\thesis\data\raw\sst\OISST_v2.1_daily_subset\2005\oisst_daily_subset_200506_v1.nc,ok,30
2005-07-01,D:\thesis\data\raw\sst\OISST_v2.1_daily_subset\2005\oisst_daily_subset_200507_v1.nc,ok,31
2005-08-01,D:\thesis\data\raw\sst\OISST_v2.1_daily_subset\2005\oisst_daily_subset_200508_v1.nc,ok,31
2005-09-01,D:\thesis\data\raw\sst\OISST_v2.1_daily_subset\2005\oisst_daily_subset_200509_v1.nc,ok,30
2005-10-01,D:\thesis\data\raw\sst\OISST_v2.1_daily_subset\2005\oisst_daily_subset_200510_v1.nc,ok,31
2005-11-01,D:\thesis\data\raw\sst\OISST_v2.1_daily_subset\2005\oisst_daily_subset_200511_v1.nc,ok,30
2005-12-01,D:\thesis\data\raw\sst\OISST_v2.1_daily_subset\2005\oisst_daily_subset_200512_v1.nc,ok,31
2006-01-01,D:\thesis\data\raw\sst\OISST_v2.1_daily_subset\2006\oisst_daily_subset_200601_v1.nc,ok,31
2006-02-01,D:\thesis\data\raw\sst\OISST_v2.1_daily_subset\2006\oisst_daily_subset_200602_v1.nc,ok,28
2006-03-01,D:\thesis\data\raw\sst\OISST_v2.1_daily_subset\2006\oisst_daily_subset_200603_v1.nc,ok,31
2006-04-01,D:\thesis\data\raw\sst\OISST_v2.1_daily_subset\2006\oisst_daily_subset_200604_v1.nc,ok,30
2006-05-01,D:\thesis\data\raw\sst\OISST_v2.1_daily_subset\2006\oisst_daily_subset_200605_v1.nc,ok,31
2006-06-01,D:\thesis\data\raw\sst\OISST_v2.1_daily_subset\2006\oisst_daily_subset_200606_v1.nc,ok,30
2006-07-01,D:\thesis\data\raw\sst\OISST_v2.1_daily_subset\2006\oisst_daily_subset_200607_v1.nc,ok,31
2006-08-01,D:\thesis\data\raw\sst\OISST_v2.1_daily_subset\2006\oisst_daily_subset_200608_v1.nc,ok,31
2006-09-01,D:\thesis\data\raw\sst\OISST_v2.1_daily_subset\2006\oisst_daily_subset_200609_v1.nc,ok,30
2006-10-01,D:\thesis\data\raw\sst\OISST_v2.1_daily_subset\2006\oisst_daily_subset_200610_v1.nc,ok,31
2006-11-01,D:\thesis\data\raw\sst\OISST_v2.1_daily_subset\2006\oisst_daily_subset_200611_v1.nc,ok,30
2006-12-01,D:\thesis\data\raw\sst\OISST_v2.1_daily_subset\2006\oisst_daily_subset_200612_v1.nc,ok,31
2007-01-01,D:\thesis\data\raw\sst\OISST_v2.1_daily_subset\2007\oisst_daily_subset_200701_v1.nc,ok,31
2007-02-01,D:\thesis\data\raw\sst\OISST_v2.1_daily_subset\2007\oisst_daily_subset_200702_v1.nc,ok,28
2007-03-01,D:\thesis\data\raw\sst\OISST_v2.1_daily_subset\2007\oisst_daily_subset_200703_v1.nc,ok,31
2007-04-01,D:\thesis\data\raw\sst\OISST_v2.1_daily_subset\2007\oisst_daily_subset_200704_v1.nc,ok,30
2007-05-01,D:\thesis\data\raw\sst\OISST_v2.1_daily_subset\2007\oisst_daily_subset_200705_v1.nc,ok,31
2007-06-01,D:\thesis\data\raw\sst\OISST_v2.1_daily_subset\2007\oisst_daily_subset_200706_v1.nc,ok,30
2007-07-01,D:\thesis\data\raw\sst\OISST_v2.1_daily_subset\2007\oisst_daily_subset_200707_v1.nc,ok,31
2007-08-01,D:\thesis\data\raw\sst\OISST_v2.1_daily_subset\2007\oisst_daily_subset_200708_v1.nc,ok,31
2007-09-01,D:\thesis\data\raw\sst\OISST_v2.1_daily_subset\2007\oisst_daily_subset_200709_v1.nc,ok,30
2007-10-01,D:\thesis\data\raw\sst\OISST_v2.1_daily_subset\2007\oisst_daily_subset_200710_v1.nc,ok,31
2007-11-01,D:\thesis\data\raw\sst\OISST_v2.1_daily_subset\2007\oisst_daily_subset_200711_v1.nc,ok,30
2007-12-01,D:\thesis\data\raw\sst\OISST_v2.1_daily_subset\2007\oisst_daily_subset_200712_v1.nc,ok,31
2008-01-01,D:\thesis\data\raw\sst\OISST_v2.1_daily_subset\2008\oisst_daily_subset_200801_v1.nc,ok,31
2008-02-01,D:\thesis\data\raw\sst\OISST_v2.1_daily_subset\2008\oisst_daily_subset_200802_v1.nc,ok,29
2008-03-01,D:\thesis\data\raw\sst\OISST_v2.1_daily_subset\2008\oisst_daily_subset_200803_v1.nc,ok,31
2008-04-01,D:\thesis\data\raw\sst\OISST_v2.1_daily_subset\2008\oisst_daily_subset_200804_v1.nc,ok,30
2008-05-01,D:\thesis\data\raw\sst\OISST_v2.1_daily_subset\2008\oisst_daily_subset_200805_v1.nc,ok,31
2008-06-01,D:\thesis\data\raw\sst\OISST_v2.1_daily_subset\2008\oisst_daily_subset_200806_v1.nc,ok,30
2008-07-01,D:\thesis\data\raw\sst\OISST_v2.1_daily_subset\2008\oisst_daily_subset_200807_v1.nc,ok,31
2008-08-01,D:\thesis\data\raw\sst\OISST_v2.1_daily_subset\2008\oisst_daily_subset_200808_v1.nc,ok,31
2008-09-01,D:\thesis\data\raw\sst\OISST_v2.1_daily_subset\2008\oisst_daily_subset_200809_v1.nc,ok,30
2008-10-01,D:\thesis\data\raw\sst\OISST_v2.1_daily_subset\2008\oisst_daily_subset_200810_v1.nc,ok,31
2008-11-01,D:\thesis\data\raw\sst\OISST_v2.1_daily_subset\2008\oisst_daily_subset_200811_v1.nc,ok,30
2008-12-01,D:\thesis\data\raw\sst\OISST_v2.1_daily_subset\2008\oisst_daily_subset_200812_v1.nc,ok,31
2009-01-01,D:\thesis\data\raw\sst\OISST_v2.1_daily_subset\2009\oisst_daily_subset_200901_v1.nc,ok,31
2009-02-01,D:\thesis\data\raw\sst\OISST_v2.1_daily_subset\2009\oisst_daily_subset_200902_v1.nc,ok,28
2009-03-01,D:\thesis\data\raw\sst\OISST_v2.1_daily_subset\2009\oisst_daily_subset_200903_v1.nc,ok,31
2009-04-01,D:\thesis\data\raw\sst\OISST_v2.1_daily_subset\2009\oisst_daily_subset_200904_v1.nc,ok,30
2009-05-01,D:\thesis\data\raw\sst\OISST_v2.1_daily_subset\2009\oisst_daily_subset_200905_v1.nc,ok,31
2009-06-01,D:\thesis\data\raw\sst\OISST_v2.1_daily_subset\2009\oisst_daily_subset_200906_v1.nc,ok,30
2009-07-01,D:\thesis\data\raw\sst\OISST_v2.1_daily_subset\2009\oisst_daily_subset_200907_v1.nc,ok,31
2009-08-01,D:\thesis\data\raw\sst\OISST_v2.1_daily_subset\2009\oisst_daily_subset_200908_v1.nc,ok,31
2009-09-01,D:\thesis\data\raw\sst\OISST_v2.1_daily_subset\2009\oisst_daily_subset_200909_v1.nc,ok,30
2009-10-01,D:\thesis\data\raw\sst\OISST_v2.1_daily_subset\2009\oisst_daily_subset_200910_v1.nc,ok,31
2009-11-01,D:\thesis\data\raw\sst\OISST_v2.1_daily_subset\2009\oisst_daily_subset_200911_v1.nc,ok,30
2009-12-01,D:\thesis\data\raw\sst\OISST_v2.1_daily_subset\2009\oisst_daily_subset_200912_v1.nc,ok,31
2010-01-01,D:\thesis\data\raw\sst\OISST_v2.1_daily_subset\2010\oisst_daily_subset_201001_v1.nc,ok,31
2010-02-01,D:\thesis\data\raw\sst\OISST_v2.1_daily_subset\2010\oisst_daily_subset_201002_v1.nc,ok,28
2010-03-01,D:\thesis\data\raw\sst\OISST_v2.1_daily_subset\2010\oisst_daily_subset_201003_v1.nc,ok,31
2010-04-01,D:\thesis\data\raw\sst\OISST_v2.1_daily_subset\2010\oisst_daily_subset_201004_v1.nc,ok,30
2010-05-01,D:\thesis\data\raw\sst\OISST_v2.1_daily_subset\2010\oisst_daily_subset_201005_v1.nc,ok,31
2010-06-01,D:\thesis\data\raw\sst\OISST_v2.1_daily_subset\2010\oisst_daily_subset_201006_v1.nc,ok,30
2010-07-01,D:\thesis\data\raw\sst\OISST_v2.1_daily_subset\2010\oisst_daily_subset_201007_v1.nc,ok,31
2010-08-01,D:\thesis\data\raw\sst\OISST_v2.1_daily_subset\2010\oisst_daily_subset_201008_v1.nc,ok,31
2010-09-01,D:\thesis\data\raw\sst\OISST_v2.1_daily_subset\2010\oisst_daily_subset_201009_v1.nc,ok,30
2010-10-01,D:\thesis\data\raw\sst\OISST_v2.1_daily_subset\2010\oisst_daily_subset_201010_v1.nc,ok,31
2010-11-01,D:\thesis\data\raw\sst\OISST_v2.1_daily_subset\2010\oisst_daily_subset_201011_v1.nc,ok,30
2010-12-01,D:\thesis\data\raw\sst\OISST_v2.1_daily_subset\2010\oisst_daily_subset_201012_v1.nc,ok,31
2011-01-01,D:\thesis\data\raw\sst\OISST_v2.1_daily_subset\2011\oisst_daily_subset_201101_v1.nc,ok,31
2011-02-01,D:\thesis\data\raw\sst\OISST_v2.1_daily_subset\2011\oisst_daily_subset_201102_v1.nc,ok,28
2011-03-01,D:\thesis\data\raw\sst\OISST_v2.1_daily_subset\2011\oisst_daily_subset_201103_v1.nc,ok,31
2011-04-01,D:\thesis\data\raw\sst\OISST_v2.1_daily_subset\2011\oisst_daily_subset_201104_v1.nc,ok,30
2011-05-01,D:\thesis\data\raw\sst\OISST_v2.1_daily_subset\2011\oisst_daily_subset_201105_v1.nc,ok,31
2011-06-01,D:\thesis\data\raw\sst\OISST_v2.1_daily_subset\2011\oisst_daily_subset_201106_v1.nc,ok,30
2011-07-01,D:\thesis\data\raw\sst\OISST_v2.1_daily_subset\2011\oisst_daily_subset_201107_v1.nc,ok,31
2011-08-01,D:\thesis\data\raw\sst\OISST_v2.1_daily_subset\2011\oisst_daily_subset_201108_v1.nc,ok,31
2011-09-01,D:\thesis\data\raw\sst\OISST_v2.1_daily_subset\2011\oisst_daily_subset_201109_v1.nc,ok,30
2011-10-01,D:\thesis\data\raw\sst\OISST_v2.1_daily_subset\2011\oisst_daily_subset_201110_v1.nc,ok,31
2011-11-01,D:\thesis\data\raw\sst\OISST_v2.1_daily_subset\2011\oisst_daily_subset_201111_v1.nc,ok,30
2011-12-01,D:\thesis\data\raw\sst\OISST_v2.1_daily_subset\2011\oisst_daily_subset_201112_v1.nc,ok,31
2012-01-01,D:\thesis\data\raw\sst\OISST_v2.1_daily_subset\2012\oisst_daily_subset_201201_v1.nc,ok,31
2012-02-01,D:\thesis\data\raw\sst\OISST_v2.1_daily_subset\2012\oisst_daily_subset_201202_v1.nc,ok,29
2012-03-01,D:\thesis\data\raw\sst\OISST_v2.1_daily_subset\2012\oisst_daily_subset_201203_v1.nc,ok,31
2012-04-01,D:\thesis\data\raw\sst\OISST_v2.1_daily_subset\2012\oisst_daily_subset_201204_v1.nc,ok,30
2012-05-01,D:\thesis\data\raw\sst\OISST_v2.1_daily_subset\2012\oisst_daily_subset_201205_v1.nc,ok,31
2012-06-01,D:\thesis\data\raw\sst\OISST_v2.1_daily_subset\2012\oisst_daily_subset_201206_v1.nc,ok,30
2012-07-01,D:\thesis\data\raw\sst\OISST_v2.1_daily_subset\2012\oisst_daily_subset_201207_v1.nc,ok,31
2012-08-01,D:\thesis\data\raw\sst\OISST_v2.1_daily_subset\2012\oisst_daily_subset_201208_v1.nc,ok,31
2012-09-01,D:\thesis\data\raw\sst\OISST_v2.1_daily_subset\2012\oisst_daily_subset_201209_v1.nc,ok,30
2012-10-01,D:\thesis\data\raw\sst\OISST_v2.1_daily_subset\2012\oisst_daily_subset_201210_v1.nc,ok,31
2012-11-01,D:\thesis\data\raw\sst\OISST_v2.1_daily_subset\2012\oisst_daily_subset_201211_v1.nc,ok,30
2012-12-01,D:\thesis\data\raw\sst\OISST_v2.1_daily_subset\2012\oisst_daily_subset_201212_v1.nc,ok,31
2013-01-01,D:\thesis\data\raw\sst\OISST_v2.1_daily_subset\2013\oisst_daily_subset_201301_v1.nc,ok,31
2013-02-01,D:\thesis\data\raw\sst\OISST_v2.1_daily_subset\2013\oisst_daily_subset_201302_v1.nc,ok,28
2013-03-01,D:\thesis\data\raw\sst\OISST_v2.1_daily_subset\2013\oisst_daily_subset_201303_v1.nc,ok,31
2013-04-01,D:\thesis\data\raw\sst\OISST_v2.1_daily_subset\2013\oisst_daily_subset_201304_v1.nc,ok,30
2013-05-01,D:\thesis\data\raw\sst\OISST_v2.1_daily_subset\2013\oisst_daily_subset_201305_v1.nc,ok,31
2013-06-01,D:\thesis\data\raw\sst\OISST_v2.1_daily_subset\2013\oisst_daily_subset_201306_v1.nc,ok,30
2013-07-01,D:\thesis\data\raw\sst\OISST_v2.1_daily_subset\2013\oisst_daily_subset_201307_v1.nc,ok,31
2013-08-01,D:\thesis\data\raw\sst\OISST_v2.1_daily_subset\2013\oisst_daily_subset_201308_v1.nc,ok,31
2013-09-01,D:\thesis\data\raw\sst\OISST_v2.1_daily_subset\2013\oisst_daily_subset_201309_v1.nc,ok,30
2013-10-01,D:\thesis\data\raw\sst\OISST_v2.1_daily_subset\2013\oisst_daily_subset_201310_v1.nc,ok,31
2013-11-01,D:\thesis\data\raw\sst\OISST_v2.1_daily_subset\2013\oisst_daily_subset_201311_v1.nc,ok,30
2013-12-01,D:\thesis\data\raw\sst\OISST_v2.1_daily_subset\2013\oisst_daily_subset_201312_v1.nc,ok,31
2014-01-01,D:\thesis\data\raw\sst\OISST_v2.1_daily_subset\2014\oisst_daily_subset_201401_v1.nc,ok,31
2014-02-01,D:\thesis\data\raw\sst\OISST_v2.1_daily_subset\2014\oisst_daily_subset_201402_v1.nc,ok,28
2014-03-01,D:\thesis\data\raw\sst\OISST_v2.1_daily_subset\2014\oisst_daily_subset_201403_v1.nc,ok,31
2014-04-01,D:\thesis\data\raw\sst\OISST_v2.1_daily_subset\2014\oisst_daily_subset_201404_v1.nc,ok,30
2014-05-01,D:\thesis\data\raw\sst\OISST_v2.1_daily_subset\2014\oisst_daily_subset_201405_v1.nc,ok,31
2014-06-01,D:\thesis\data\raw\sst\OISST_v2.1_daily_subset\2014\oisst_daily_subset_201406_v1.nc,ok,30
2014-07-01,D:\thesis\data\raw\sst\OISST_v2.1_daily_subset\2014\oisst_daily_subset_201407_v1.nc,ok,31
2014-08-01,D:\thesis\data\raw\sst\OISST_v2.1_daily_subset\2014\oisst_daily_subset_201408_v1.nc,ok,31
2014-09-01,D:\thesis\data\raw\sst\OISST_v2.1_daily_subset\2014\oisst_daily_subset_201409_v1.nc,ok,30
2014-10-01,D:\thesis\data\raw\sst\OISST_v2.1_daily_subset\2014\oisst_daily_subset_201410_v1.nc,ok,31
2014-11-01,D:\thesis\data\raw\sst\OISST_v2.1_daily_subset\2014\oisst_daily_subset_201411_v1.nc,ok,30
2014-12-01,D:\thesis\data\raw\sst\OISST_v2.1_daily_subset\2014\oisst_daily_subset_201412_v1.nc,ok,31
2015-01-01,D:\thesis\data\raw\sst\OISST_v2.1_daily_subset\2015\oisst_daily_subset_201501_v1.nc,ok,31
2015-02-01,D:\thesis\data\raw\sst\OISST_v2.1_daily_subset\2015\oisst_daily_subset_201502_v1.nc,ok,28
2015-03-01,D:\thesis\data\raw\sst\OISST_v2.1_daily_subset\2015\oisst_daily_subset_201503_v1.nc,ok,31
2015-04-01,D:\thesis\data\raw\sst\OISST_v2.1_daily_subset\2015\oisst_daily_subset_201504_v1.nc,ok,30
2015-05-01,D:\thesis\data\raw\sst\OISST_v2.1_daily_subset\2015\oisst_daily_subset_201505_v1.nc,ok,31
2015-06-01,D:\thesis\data\raw\sst\OISST_v2.1_daily_subset\2015\oisst_daily_subset_201506_v1.nc,ok,30
2015-07-01,D:\thesis\data\raw\sst\OISST_v2.1_daily_subset\2015\oisst_daily_subset_201507_v1.nc,ok,31
2015-08-01,D:\thesis\data\raw\sst\OISST_v2.1_daily_subset\2015\oisst_daily_subset_201508_v1.nc,ok,31
2015-09-01,D:\thesis\data\raw\sst\OISST_v2.1_daily_subset\2015\oisst_daily_subset_201509_v1.nc,ok,30
2015-10-01,D:\thesis\data\raw\sst\OISST_v2.1_daily_subset\2015\oisst_daily_subset_201510_v1.nc,ok,31
2015-11-01,D:\thesis\data\raw\sst\OISST_v2.1_daily_subset\2015\oisst_daily_subset_201511_v1.nc,ok,30
2015-12-01,D:\thesis\data\raw\sst\OISST_v2.1_daily_subset\2015\oisst_daily_subset_201512_v1.nc,ok,31
2016-01-01,D:\thesis\data\raw\sst\OISST_v2.1_daily_subset\2016\oisst_daily_subset_201601_v1.nc,ok,31
2016-02-01,D:\thesis\data\raw\sst\OISST_v2.1_daily_subset\2016\oisst_daily_subset_201602_v1.nc,ok,29
2016-03-01,D:\thesis\data\raw\sst\OISST_v2.1_daily_subset\2016\oisst_daily_subset_201603_v1.nc,ok,31
2016-04-01,D:\thesis\data\raw\sst\OISST_v2.1_daily_subset\2016\oisst_daily_subset_201604_v1.nc,ok,30
2016-05-01,D:\thesis\data\raw\sst\OISST_v2.1_daily_subset\2016\oisst_daily_subset_201605_v1.nc,ok,31
2016-06-01,D:\thesis\data\raw\sst\OISST_v2.1_daily_subset\2016\oisst_daily_subset_201606_v1.nc,ok,30
2016-07-01,D:\thesis\data\raw\sst\OISST_v2.1_daily_subset\2016\oisst_daily_subset_201607_v1.nc,ok,31
2016-08-01,D:\thesis\data\raw\sst\OISST_v2.1_daily_subset\2016\oisst_daily_subset_201608_v1.nc,ok,31
2016-09-01,D:\thesis\data\raw\sst\OISST_v2.1_daily_subset\2016\oisst_daily_subset_201609_v1.nc,ok,30
2016-10-01,D:\thesis\data\raw\sst\OISST_v2.1_daily_subset\2016\oisst_daily_subset_201610_v1.nc,ok,31
2016-11-01,D:\thesis\data\raw\sst\OISST_v2.1_daily_subset\2016\oisst_daily_subset_201611_v1.nc,ok,30
2016-12-01,D:\thesis\data\raw\sst\OISST_v2.1_daily_subset\2016\oisst_daily_subset_201612_v1.nc,ok,31
2017-01-01,D:\thesis\data\raw\sst\OISST_v2.1_daily_subset\2017\oisst_daily_subset_201701_v1.nc,ok,31
2017-02-01,D:\thesis\data\raw\sst\OISST_v2.1_daily_subset\2017\oisst_daily_subset_201702_v1.nc,ok,28
2017-03-01,D:\thesis\data\raw\sst\OISST_v2.1_daily_subset\2017\oisst_daily_subset_201703_v1.nc,ok,31
2017-04-01,D:\thesis\data\raw\sst\OISST_v2.1_daily_subset\2017\oisst_daily_subset_201704_v1.nc,ok,30
2017-05-01,D:\thesis\data\raw\sst\OISST_v2.1_daily_subset\2017\oisst_daily_subset_201705_v1.nc,ok,31
2017-06-01,D:\thesis\data\raw\sst\OISST_v2.1_daily_subset\2017\oisst_daily_subset_201706_v1.nc,ok,30
2017-07-01,D:\thesis\data\raw\sst\OISST_v2.1_daily_subset\2017\oisst_daily_subset_201707_v1.nc,ok,31
2017-08-01,D:\thesis\data\raw\sst\OISST_v2.1_daily_subset\2017\oisst_daily_subset_201708_v1.nc,ok,31
2017-09-01,D:\thesis\data\raw\sst\OISST_v2.1_daily_subset\2017\oisst_daily_subset_201709_v1.nc,ok,30
2017-10-01,D:\thesis\data\raw\sst\OISST_v2.1_daily_subset\2017\oisst_daily_subset_201710_v1.nc,ok,31
2017-11-01,D:\thesis\data\raw\sst\OISST_v2.1_daily_subset\2017\oisst_daily_subset_201711_v1.nc,ok,30
2017-12-01,D:\thesis\data\raw\sst\OISST_v2.1_daily_subset\2017\oisst_daily_subset_201712_v1.nc,ok,31
2018-01-01,D:\thesis\data\raw\sst\OISST_v2.1_daily_subset\2018\oisst_daily_subset_201801_v1.nc,ok,31
2018-02-01,D:\thesis\data\raw\sst\OISST_v2.1_daily_subset\2018\oisst_daily_subset_201802_v1.nc,ok,28
2018-03-01,D:\thesis\data\raw\sst\OISST_v2.1_daily_subset\2018\oisst_daily_subset_201803_v1.nc,ok,31
2018-04-01,D:\thesis\data\raw\sst\OISST_v2.1_daily_subset\2018\oisst_daily_subset_201804_v1.nc,ok,30
2018-05-01,D:\thesis\data\raw\sst\OISST_v2.1_daily_subset\2018\oisst_daily_subset_201805_v1.nc,ok,31
2018-06-01,D:\thesis\data\raw\sst\OISST_v2.1_daily_subset\2018\oisst_daily_subset_201806_v1.nc,ok,30
2018-07-01,D:\thesis\data\raw\sst\OISST_v2.1_daily_subset\2018\oisst_daily_subset_201807_v1.nc,ok,31
2018-08-01,D:\thesis\data\raw\sst\OISST_v2.1_daily_subset\2018\oisst_daily_subset_201808_v1.nc,ok,31
2018-09-01,D:\thesis\data\raw\sst\OISST_v2.1_daily_subset\2018\oisst_daily_subset_201809_v1.nc,ok,30
2018-10-01,D:\thesis\data\raw\sst\OISST_v2.1_daily_subset\2018\oisst_daily_subset_201810_v1.nc,ok,31
2018-11-01,D:\thesis\data\raw\sst\OISST_v2.1_daily_subset\2018\oisst_daily_subset_201811_v1.nc,ok,30
2018-12-01,D:\thesis\data\raw\sst\OISST_v2.1_daily_subset\2018\oisst_daily_subset_201812_v1.nc,ok,31
2019-01-01,D:\thesis\data\raw\sst\OISST_v2.1_daily_subset\2019\oisst_daily_subset_201901_v1.nc,ok,31
2019-02-01,D:\thesis\data\raw\sst\OISST_v2.1_daily_subset\2019\oisst_daily_subset_201902_v1.nc,ok,28
2019-03-01,D:\thesis\data\raw\sst\OISST_v2.1_daily_subset\2019\oisst_daily_subset_201903_v1.nc,ok,31
2019-04-01,D:\thesis\data\raw\sst\OISST_v2.1_daily_subset\2019\oisst_daily_subset_201904_v1.nc,ok,30
2019-05-01,D:\thesis\data\raw\sst\OISST_v2.1_daily_subset\2019\oisst_daily_subset_201905_v1.nc,ok,31
2019-06-01,D:\thesis\data\raw\sst\OISST_v2.1_daily_subset\2019\oisst_daily_subset_201906_v1.nc,ok,30
2019-07-01,D:\thesis\data\raw\sst\OISST_v2.1_daily_subset\2019\oisst_daily_subset_201907_v1.nc,ok,31
2019-08-01,D:\thesis\data\raw\sst\OISST_v2.1_daily_subset\2019\oisst_daily_subset_201908_v1.nc,ok,31
2019-09-01,D:\thesis\data\raw\sst\OISST_v2.1_daily_subset\2019\oisst_daily_subset_201909_v1.nc,ok,30
2019-10-01,D:\thesis\data\raw\sst\OISST_v2.1_daily_subset\2019\oisst_daily_subset_201910_v1.nc,ok,31
2019-11-01,D:\thesis\data\raw\sst\OISST_v2.1_daily_subset\2019\oisst_daily_subset_201911_v1.nc,ok,30
2019-12-01,D:\thesis\data\raw\sst\OISST_v2.1_daily_subset\2019\oisst_daily_subset_201912_v1.nc,ok,31
2020-01-01,D:\thesis\data\raw\sst\OISST_v2.1_daily_subset\2020\oisst_daily_subset_202001_v1.nc,ok,31
2020-02-01,D:\thesis\data\raw\sst\OISST_v2.1_daily_subset\2020\oisst_daily_subset_202002_v1.nc,ok,29
2020-03-01,D:\thesis\data\raw\sst\OISST_v2.1_daily_subset\2020\oisst_daily_subset_202003_v1.nc,ok,31
2020-04-01,D:\thesis\data\raw\sst\OISST_v2.1_daily_subset\2020\oisst_daily_subset_202004_v1.nc,ok,30
2020-05-01,D:\thesis\data\raw\sst\OISST_v2.1_daily_subset\2020\oisst_daily_subset_202005_v1.nc,ok,31
2020-06-01,D:\thesis\data\raw\sst\OISST_v2.1_daily_subset\2020\oisst_daily_subset_202006_v1.nc,ok,30
2020-07-01,D:\thesis\data\raw\sst\OISST_v2.1_daily_subset\2020\oisst_daily_subset_202007_v1.nc,ok,31
2020-08-01,D:\thesis\data\raw\sst\OISST_v2.1_daily_subset\2020\oisst_daily_subset_202008_v1.nc,ok,31
2020-09-01,D:\thesis\data\raw\sst\OISST_v2.1_daily_subset\2020\oisst_daily_subset_202009_v1.nc,ok,30
2020-10-01,D:\thesis\data\raw\sst\OISST_v2.1_daily_subset\2020\oisst_daily_subset_202010_v1.nc,ok,31
2020-11-01,D:\thesis\data\raw\sst\OISST_v2.1_daily_subset\2020\oisst_daily_subset_202011_v1.nc,ok,30
2020-12-01,D:\thesis\data\raw\sst\OISST_v2.1_daily_subset\2020\oisst_daily_subset_202012_v1.nc,ok,31
2021-01-01,D:\thesis\data\raw\sst\OISST_v2.1_daily_subset\2021\oisst_daily_subset_202101_v1.nc,ok,31
2021-02-01,D:\thesis\data\raw\sst\OISST_v2.1_daily_subset\2021\oisst_daily_subset_202102_v1.nc,ok,28
2021-03-01,D:\thesis\data\raw\sst\OISST_v2.1_daily_subset\2021\oisst_daily_subset_202103_v1.nc,ok,31
2021-04-01,D:\thesis\data\raw\sst\OISST_v2.1_daily_subset\2021\oisst_daily_subset_202104_v1.nc,ok,30
2021-05-01,D:\thesis\data\raw\sst\OISST_v2.1_daily_subset\2021\oisst_daily_subset_202105_v1.nc,ok,31
2021-06-01,D:\thesis\data\raw\sst\OISST_v2.1_daily_subset\2021\oisst_daily_subset_202106_v1.nc,ok,30
2021-07-01,D:\thesis\data\raw\sst\OISST_v2.1_daily_subset\2021\oisst_daily_subset_202107_v1.nc,ok,31
2021-08-01,D:\thesis\data\raw\sst\OISST_v2.1_daily_subset\2021\oisst_daily_subset_202108_v1.nc,ok,31
2021-09-01,D:\thesis\data\raw\sst\OISST_v2.1_daily_subset\2021\oisst_daily_subset_202109_v1.nc,ok,30
2021-10-01,D:\thesis\data\raw\sst\OISST_v2.1_daily_subset\2021\oisst_daily_subset_202110_v1.nc,ok,31
2021-11-01,D:\thesis\data\raw\sst\OISST_v2.1_daily_subset\2021\oisst_daily_subset_202111_v1.nc,ok,30
2021-12-01,D:\thesis\data\raw\sst\OISST_v2.1_daily_subset\2021\oisst_daily_subset_202112_v1.nc,ok,31
2022-01-01,D:\thesis\data\raw\sst\OISST_v2.1_daily_subset\2022\oisst_daily_subset_202201_v1.nc,ok,31
2022-02-01,D:\thesis\data\raw\sst\OISST_v2.1_daily_subset\2022\oisst_daily_subset_202202_v1.nc,ok,28
2022-03-01,D:\thesis\data\raw\sst\OISST_v2.1_daily_subset\2022\oisst_daily_subset_202203_v1.nc,ok,31
2022-04-01,D:\thesis\data\raw\sst\OISST_v2.1_daily_subset\2022\oisst_daily_subset_202204_v1.nc,ok,30
2022-05-01,D:\thesis\data\raw\sst\OISST_v2.1_daily_subset\2022\oisst_daily_subset_202205_v1.nc,ok,31
2022-06-01,D:\thesis\data\raw\sst\OISST_v2.1_daily_subset\2022\oisst_daily_subset_202206_v1.nc,ok,30
2022-07-01,D:\thesis\data\raw\sst\OISST_v2.1_daily_subset\2022\oisst_daily_subset_202207_v1.nc,ok,31
2022-08-01,D:\thesis\data\raw\sst\OISST_v2.1_daily_subset\2022\oisst_daily_subset_202208_v1.nc,ok,31
2022-09-01,D:\thesis\data\raw\sst\OISST_v2.1_daily_subset\2022\oisst_daily_subset_202209_v1.nc,ok,30
2022-10-01,D:\thesis\data\raw\sst\OISST_v2.1_daily_subset\2022\oisst_daily_subset_202210_v1.nc,ok,31
2022-11-01,D:\thesis\data\raw\sst\OISST_v2.1_daily_subset\2022\oisst_daily_subset_202211_v1.nc,ok,30
2022-12-01,D:\thesis\data\raw\sst\OISST_v2.1_daily_subset\2022\oisst_daily_subset_202212_v1.nc,ok,31
2023-01-01,D:\thesis\data\raw\sst\OISST_v2.1_daily_subset\2023\oisst_daily_subset_202301_v1.nc,ok,31
2023-02-01,D:\thesis\data\raw\sst\OISST_v2.1_daily_subset\2023\oisst_daily_subset_202302_v1.nc,ok,28
2023-03-01,D:\thesis\data\raw\sst\OISST_v2.1_daily_subset\2023\oisst_daily_subset_202303_v1.nc,ok,31
2023-04-01,D:\thesis\data\raw\sst\OISST_v2.1_daily_subset\2023\oisst_daily_subset_202304_v1.nc,ok,30
2023-05-01,D:\thesis\data\raw\sst\OISST_v2.1_daily_subset\2023\oisst_daily_subset_202305_v1.nc,ok,31
2023-06-01,D:\thesis\data\raw\sst\OISST_v2.1_daily_subset\2023\oisst_daily_subset_202306_v1.nc,ok,30
2023-07-01,D:\thesis\data\raw\sst\OISST_v2.1_daily_subset\2023\oisst_daily_subset_202307_v1.nc,ok,31
2023-08-01,D:\thesis\data\raw\sst\OISST_v2.1_daily_subset\2023\oisst_daily_subset_202308_v1.nc,ok,31
2023-09-01,D:\thesis\data\raw\sst\OISST_v2.1_daily_subset\2023\oisst_daily_subset_202309_v1.nc,ok,30
2023-10-01,D:\thesis\data\raw\sst\OISST_v2.1_daily_subset\2023\oisst_daily_subset_202310_v1.nc,ok,31
2023-11-01,D:\thesis\data\raw\sst\OISST_v2.1_daily_subset\2023\oisst_daily_subset_202311_v1.nc,ok,30
2023-12-01,D:\thesis\data\raw\sst\OISST_v2.1_daily_subset\2023\oisst_daily_subset_202312_v1.nc,ok,31
2024-01-01,D:\thesis\data\raw\sst\OISST_v2.1_daily_subset\2024\oisst_daily_subset_202401_v1.nc,ok,31
2024-02-01,D:\thesis\data\raw\sst\OISST_v2.1_daily_subset\2024\oisst_daily_subset_202402_v1.nc,ok,29
2024-03-01,D:\thesis\data\raw\sst\OISST_v2.1_daily_subset\2024\oisst_daily_subset_202403_v1.nc,ok,31
2024-04-01,D:\thesis\data\raw\sst\OISST_v2.1_daily_subset\2024\oisst_daily_subset_202404_v1.nc,ok,30
2024-05-01,D:\thesis\data\raw\sst\OISST_v2.1_daily_subset\2024\oisst_daily_subset_202405_v1.nc,ok,31
2024-06-01,D:\thesis\data\raw\sst\OISST_v2.1_daily_subset\2024\oisst_daily_subset_202406_v1.nc,ok,30
2024-07-01,D:\thesis\data\raw\sst\OISST_v2.1_daily_subset\2024\oisst_daily_subset_202407_v1.nc,ok,31
2024-08-01,D:\thesis\data\raw\sst\OISST_v2.1_daily_subset\2024\oisst_daily_subset_202408_v1.nc,ok,31
2024-09-01,D:\thesis\data\raw\sst\OISST_v2.1_daily_subset\2024\oisst_daily_subset_202409_v1.nc,ok,30
2024-10-01,D:\thesis\data\raw\sst\OISST_v2.1_daily_subset\2024\oisst_daily_subset_202410_v1.nc,ok,31
2024-11-01,D:\thesis\data\raw\sst\OISST_v2.1_daily_subset\2024\oisst_daily_subset_202411_v1.nc,ok,30
2024-12-01,D:\thesis\data\raw\sst\OISST_v2.1_daily_subset\2024\oisst_daily_subset_202412_v1.nc,ok,31
2025-01-01,D:\thesis\data\raw\sst\OISST_v2.1_daily_subset\2025\oisst_daily_subset_202501_v1.nc,ok,31
2025-02-01,D:\thesis\data\raw\sst\OISST_v2.1_daily_subset\2025\oisst_daily_subset_202502_v1.nc,ok,28
2025-03-01,D:\thesis\data\raw\sst\OISST_v2.1_daily_subset\2025\oisst_daily_subset_202503_v1.nc,ok,31
2025-04-01,D:\thesis\data\raw\sst\OISST_v2.1_daily_subset\2025\oisst_daily_subset_202504_v1.nc,ok,30
2025-05-01,D:\thesis\data\raw\sst\OISST_v2.1_daily_subset\2025\oisst_daily_subset_202505_v1.nc,ok,31
2025-06-01,D:\thesis\data\raw\sst\OISST_v2.1_daily_subset\2025\oisst_daily_subset_202506_v1.nc,ok,30
2025-07-01,D:\thesis\data\raw\sst\OISST_v2.1_daily_subset\2025\oisst_daily_subset_202507_v1.nc,ok,31
2025-08-01,D:\thesis\data\raw\sst\OISST_v2.1_daily_subset\2025\oisst_daily_subset_202508_v1.nc,ok,31
2025-09-01,D:\thesis\data\raw\sst\OISST_v2.1_daily_subset\2025\oisst_daily_subset_202509_v1.nc,ok,30
2025-10-01,D:\thesis\data\raw\sst\OISST_v2.1_daily_subset\2025\oisst_daily_subset_202510_v1.nc,ok,31
2025-11-01,D:\thesis\data\raw\sst\OISST_v2.1_daily_subset\2025\oisst_daily_subset_202511_v1.nc,ok,30
2025-12-01,D:\thesis\data\raw\sst\OISST_v2.1_daily_subset\2025\oisst_daily_subset_202512_v1.nc,ok,31
