grid_id,lon,lat,n_month,n_chla,availability,chla_mean,chla_median,chla_sd,peak_month
G025_R380_C1132,103.125,-5.125,276,274,0.9927536231884058,0.2853044664233581,0.15016348259956805,0.6531918651178074,9
G025_R380_C1133,103.375,-5.125,276,273,0.9891304347826086,0.3449531598012806,0.1898127087810931,0.6528579965659985,9
G025_R380_C1134,103.625,-5.125,276,266,0.9637681159420289,0.4905756667515279,0.26989088203225997,1.1806844706895836,8
G025_R380_C1135,103.875,-5.125,276,248,0.8985507246376812,0.8220710345225237,0.34642571681904233,2.9300533849015498,9
G025_R380_C1143,105.875,-5.125,276,256,0.927536231884058,2.861821816956862,2.656026988960824,0.88258233606448,2
G025_R380_C1144,106.125,-5.125,276,268,0.9710144927536232,1.3391537305796566,1.1581599772951248,0.6473303031042449,2
G025_R380_C1145,106.375,-5.125,276,268,0.9710144927536232,0.8918130732281896,0.671587499127159,0.5204883413002003,2
G025_R380_C1146,106.625,-5.125,276,266,0.9637681159420289,0.7691912529393813,0.5926068856413718,0.4130130177178258,2
G025_R380_C1147,106.875,-5.125,276,266,0.9637681159420289,0.6855072758612434,0.5684250536500639,0.32685364908155945,1
G025_R381_C1132,103.125,-5.375,276,273,0.9891304347826086,0.2682504909573942,0.1317718446055499,0.6707420743205303,9
G025_R381_C1133,103.375,-5.375,276,275,0.9963768115942029,0.2878665358066735,0.1413190747711576,0.7255035597167172,9
G025_R381_C1134,103.625,-5.375,276,272,0.9855072463768116,0.3225982784896073,0.1615212920130863,0.7884859473538547,9
G025_R381_C1135,103.875,-5.375,276,266,0.9637681159420289,0.5211898391845012,0.23844537707900093,1.3411207730720691,8
G025_R381_C1143,105.875,-5.375,276,259,0.9384057971014492,1.9987899299126746,2.018638521781851,0.6072242991582696,2
G025_R381_C1144,106.125,-5.375,276,267,0.967391304347826,0.856152751141,0.7287807429084132,0.392448976915006,2
G025_R381_C1145,106.375,-5.375,276,272,0.9855072463768116,0.7003641960797781,0.5781847172580883,0.34932549841650223,2
G025_R381_C1146,106.625,-5.375,276,273,0.9891304347826086,0.6671767645878669,0.5555493052520205,0.37013050246656704,2
G025_R381_C1147,106.875,-5.375,276,269,0.9746376811594203,0.6249042195583717,0.5384819705195173,0.30315243237640654,2
G025_R382_C1132,103.125,-5.625,276,273,0.9891304347826086,0.23405048083089441,0.1228991557793427,0.48626226698328145,9
G025_R382_C1133,103.375,-5.625,276,272,0.9855072463768116,0.26631997285746695,0.132643595503178,0.5997410447935808,9
G025_R382_C1134,103.625,-5.625,276,271,0.9818840579710145,0.3211884775361747,0.1387862682855206,0.8458235102677858,9
G025_R382_C1135,103.875,-5.625,276,268,0.9710144927536232,0.40393614697397207,0.1584296660039194,0.9993631741925815,9
G025_R382_C1136,104.125,-5.625,276,265,0.9601449275362319,0.6705582156379648,0.3100426978825691,1.1610722619514355,8
G025_R382_C1138,104.625,-5.625,276,241,0.8731884057971014,0.658611452473793,0.5830981050408415,0.34956319666263985,1
G025_R382_C1141,105.375,-5.625,276,245,0.8876811594202898,0.7623559608127645,0.654231265780226,0.5508230890179573,7
G025_R382_C1143,105.875,-5.625,276,260,0.9420289855072463,1.2452062473095682,1.2355586581980034,0.49856982106115977,2
G025_R382_C1144,106.125,-5.625,276,268,0.9710144927536232,0.6217490326786194,0.5529433342040844,0.27318872200027094,2
G025_R382_C1145,106.375,-5.625,276,268,0.9710144927536232,0.583917034346427,0.5272069273613142,0.21992604658741347,2
G025_R382_C1146,106.625,-5.625,276,270,0.9782608695652174,0.6072975331812765,0.561338422456621,0.24159419061920792,2
G025_R382_C1147,106.875,-5.625,276,268,0.9710144927536232,0.4743893106303317,0.4437569994893026,0.20821490702682297,2
G025_R383_C1132,103.125,-5.875,276,269,0.9746376811594203,0.20456628321113385,0.1225516483726324,0.39316839252817076,9
G025_R383_C1133,103.375,-5.875,276,267,0.967391304347826,0.2401391081059481,0.1279342046261995,0.4414482650091817,9
G025_R383_C1134,103.625,-5.875,276,270,0.9782608695652174,0.3103812490035478,0.1323868321472649,0.7294957494555261,9
G025_R383_C1135,103.875,-5.875,276,269,0.9746376811594203,0.4139469809238307,0.1443062207239054,1.099988543665598,9
G025_R383_C1136,104.125,-5.875,276,266,0.9637681159420289,0.5009323330757577,0.16954906346710705,1.1987983412657863,8
G025_R383_C1137,104.375,-5.875,276,266,0.9637681159420289,0.7054144188505937,0.31067299481028965,1.2721101376895312,8
G025_R383_C1139,104.875,-5.875,276,269,0.9746376811594203,0.4008395242409401,0.288354282661921,0.32220750341761667,8
G025_R383_C1140,105.125,-5.875,276,271,0.9818840579710145,0.5392301118757526,0.3890150169660359,0.5259616459114842,8
G025_R383_C1141,105.375,-5.875,276,264,0.9565217391304348,0.6716235012289686,0.5714331049191658,0.3553139846507223,7
G025_R383_C1142,105.625,-5.875,276,258,0.9347826086956522,0.7766458392383913,0.6940390485541023,0.39743145937942287,7
G025_R383_C1143,105.875,-5.875,276,261,0.9456521739130435,0.8254930289532556,0.7850063930532566,0.2706042666580315,2
G025_R383_C1144,106.125,-5.875,276,266,0.9637681159420289,1.3335120408585073,1.3320465224833757,0.41712139275639953,7
G025_R383_C1145,106.375,-5.875,276,269,0.9746376811594203,1.705932116641163,1.7019062977317123,0.5242773393063311,7
G025_R383_C1146,106.625,-5.875,276,270,0.9782608695652174,1.6720069242648004,1.5940423853413996,0.7109587217858373,6
G025_R383_C1147,106.875,-5.875,276,267,0.967391304347826,1.9213422678939611,1.6072196811850332,1.234184980317044,2
G025_R384_C1132,103.125,-6.125,276,268,0.9710144927536232,0.2122448901318666,0.12301829977729384,0.40568903387718,9
G025_R384_C1133,103.375,-6.125,276,267,0.967391304347826,0.2545761277278273,0.1289158748773957,0.4777649571080655,8
G025_R384_C1134,103.625,-6.125,276,265,0.9601449275362319,0.342492851911107,0.1329683519691002,0.7676329607852389,8
G025_R384_C1135,103.875,-6.125,276,268,0.9710144927536232,0.4494378764043224,0.13759705601721683,1.2593627815708652,9
G025_R384_C1136,104.125,-6.125,276,268,0.9710144927536232,0.5013843623120824,0.15470937159712417,1.2353877477699782,8
G025_R384_C1137,104.375,-6.125,276,269,0.9746376811594203,0.4876843081570834,0.1966032148194774,0.9561499790347917,8
G025_R384_C1138,104.625,-6.125,276,271,0.9818840579710145,0.4873113413578277,0.282595113442427,0.6328289679206233,8
G025_R384_C1139,104.875,-6.125,276,274,0.9927536231884058,0.45786219176223525,0.2732395612396773,0.5500037933468958,8
G025_R384_C1140,105.125,-6.125,276,272,0.9855072463768116,0.5031347307603775,0.346615786467908,0.44975201728971753,8
G025_R384_C1141,105.375,-6.125,276,271,0.9818840579710145,0.6041105370965579,0.5434815413076829,0.3388091124844754,7
G025_R384_C1142,105.625,-6.125,276,263,0.9528985507246377,0.6070605111887076,0.5914414818544201,0.2766400223798507,2
G025_R385_C1132,103.125,-6.375,276,268,0.9710144927536232,0.23550729690248404,0.11667701908759075,0.49236100460485277,9
G025_R385_C1133,103.375,-6.375,276,268,0.9710144927536232,0.29487729844299315,0.12427513746411095,0.6874664770746521,9
G025_R385_C1134,103.625,-6.375,276,267,0.967391304347826,0.3810895771873035,0.1301910411110557,0.9355275592766654,9
G025_R385_C1135,103.875,-6.375,276,265,0.9601449275362319,0.46175794073720433,0.1366563312249965,1.1704523336560722,9
G025_R385_C1136,104.125,-6.375,276,268,0.9710144927536232,0.49982420863295524,0.1475413236851024,1.17130025921634,8
G025_R385_C1137,104.375,-6.375,276,269,0.9746376811594203,0.485744411891157,0.1782078348819305,0.9930590438491899,8
G025_R385_C1138,104.625,-6.375,276,270,0.9782608695652174,0.4414712886382515,0.2189160004807448,0.6733716773867563,8
G025_R385_C1139,104.875,-6.375,276,274,0.9927536231884058,0.4348834188942559,0.28935335911939086,0.40309954271571946,8
G025_R385_C1140,105.125,-6.375,276,272,0.9855072463768116,0.4679131139696432,0.39928196355504864,0.3331084633634354,8
G025_R385_C1141,105.375,-6.375,276,271,0.9818840579710145,0.5028015288262697,0.4803832274740032,0.2672701767513353,7
G025_R385_C1142,105.625,-6.375,276,262,0.9492753623188406,0.7300565071039715,0.6899501507517578,0.3410469903482825,2
G025_R386_C1132,103.125,-6.625,276,265,0.9601449275362319,0.23856734578404745,0.1138378576717449,0.47173694586486586,9
G025_R386_C1133,103.375,-6.625,276,265,0.9601449275362319,0.29532824343910485,0.119651720298922,0.6694127382279401,8
G025_R386_C1134,103.625,-6.625,276,267,0.967391304347826,0.34885528160388757,0.1297489993975552,0.7963034985749956,9
G025_R386_C1135,103.875,-6.625,276,269,0.9746376811594203,0.4058197124719759,0.1357581664360897,0.9488635489082261,9
G025_R386_C1136,104.125,-6.625,276,269,0.9746376811594203,0.41222852644430696,0.1529068607782122,0.8827070194806467,8
G025_R386_C1137,104.375,-6.625,276,269,0.9746376811594203,0.42474710512596814,0.1750034689903259,0.7885867074654445,8
G025_R386_C1138,104.625,-6.625,276,267,0.967391304347826,0.4048400179886603,0.2235368145519321,0.45912907788856033,9
G025_R386_C1139,104.875,-6.625,276,271,0.9818840579710145,0.43380963486669527,0.3389350515951695,0.33844141751237866,8
G025_R386_C1141,105.375,-6.625,276,267,0.967391304347826,0.5214474411101937,0.4639404274937493,0.33043269207262843,7
G025_R387_C1132,103.125,-6.875,276,266,0.9637681159420289,0.23626705487961747,0.11008574109993316,0.5555452583102175,8
G025_R387_C1133,103.375,-6.875,276,267,0.967391304347826,0.26696861689495627,0.1205119211030269,0.6113848499471262,8
G025_R387_C1134,103.625,-6.875,276,271,0.9818840579710145,0.2932621576064041,0.1267364135616509,0.597147612092288,8
G025_R387_C1135,103.875,-6.875,276,270,0.9782608695652174,0.30614325957125504,0.13779565043504,0.519791849717225,8
G025_R387_C1136,104.125,-6.875,276,270,0.9782608695652174,0.3662556496832122,0.15398141424369355,0.7723059884168973,9
G025_R387_C1137,104.375,-6.875,276,265,0.9601449275362319,0.34978951444173273,0.1778184925222501,0.4905250679456347,8
G025_R387_C1138,104.625,-6.875,276,269,0.9746376811594203,0.40153671345936975,0.2175661991289443,0.5372677465358153,8
G025_R387_C1139,104.875,-6.875,276,273,0.9891304347826086,0.41895264090792256,0.2771148304363147,0.4107249568238008,7
G025_R387_C1140,105.125,-6.875,276,269,0.9746376811594203,0.4341352300711462,0.3344016712492914,0.3358502802075754,9
G025_R387_C1141,105.375,-6.875,276,262,0.9492753623188406,0.7111788197691603,0.5190248246934499,0.6634802698877358,8
G025_R387_C1142,105.625,-6.875,276,256,0.927536231884058,1.0102006418679788,0.791219726561248,0.8598418082043672,8
G025_R387_C1143,105.875,-6.875,276,259,0.9384057971014492,0.9494846154847169,0.7210155030078461,0.9326092977761347,9
G025_R388_C1132,103.125,-7.125,276,268,0.9710144927536232,0.21279000691957764,0.1125852611076619,0.3695069639002534,8
G025_R388_C1133,103.375,-7.125,276,267,0.967391304347826,0.2317174041028611,0.1206811129101044,0.3962217632990635,8
G025_R388_C1134,103.625,-7.125,276,270,0.9782608695652174,0.2661645859390615,0.12700505576236093,0.5427129730836255,9
G025_R388_C1135,103.875,-7.125,276,270,0.9782608695652174,0.28757964023027793,0.13181824396980385,0.5662229903668864,8
G025_R388_C1136,104.125,-7.125,276,270,0.9782608695652174,0.3010410451000976,0.1497017154588142,0.4873436029399765,9
G025_R388_C1137,104.375,-7.125,276,270,0.9782608695652174,0.33745281267719957,0.1538204160099052,0.6513210710983247,8
G025_R388_C1138,104.625,-7.125,276,262,0.9492753623188406,0.3486918913803701,0.1802717546638234,0.49686373735793155,9
G025_R388_C1139,104.875,-7.125,276,270,0.9782608695652174,0.3504639858661885,0.20678436591330895,0.432888738666808,9
G025_R388_C1140,105.125,-7.125,276,268,0.9710144927536232,0.3323741914244556,0.219898814022497,0.3453683183456406,9
G025_R388_C1141,105.375,-7.125,276,269,0.9746376811594203,0.34936654588315846,0.2415192272076553,0.3717757971756596,8
G025_R388_C1142,105.625,-7.125,276,271,0.9818840579710145,0.3735504945358801,0.2477320648642221,0.38997671304499787,9
G025_R388_C1143,105.875,-7.125,276,272,0.9855072463768116,0.40365717056495237,0.2444398065255361,0.4413146785170319,9
G025_R388_C1144,106.125,-7.125,276,266,0.9637681159420289,0.5621917759228775,0.31556159377202453,0.8017849662685884,9
G025_R388_C1145,106.375,-7.125,276,260,0.9420289855072463,1.514051194971594,0.83597210228034,2.089599536270163,9
G025_R389_C1132,103.125,-7.375,276,268,0.9710144927536232,0.20547313403398346,0.11396653665349045,0.32980146637878954,8
G025_R389_C1133,103.375,-7.375,276,273,0.9891304347826086,0.21112916006284888,0.1173350253668677,0.3569858743439031,8
G025_R389_C1134,103.625,-7.375,276,271,0.9818840579710145,0.21220977635501836,0.1228940038298754,0.29652034091780516,8
G025_R389_C1135,103.875,-7.375,276,269,0.9746376811594203,0.22078986100649348,0.1269035735480211,0.2955663375649293,9
G025_R389_C1136,104.125,-7.375,276,272,0.9855072463768116,0.24465140938945834,0.13486063947710195,0.34961520918524314,9
G025_R389_C1137,104.375,-7.375,276,271,0.9818840579710145,0.25710376673301594,0.1491296487917434,0.4033262492482531,9
G025_R389_C1138,104.625,-7.375,276,270,0.9782608695652174,0.2628500185265902,0.15446546321849156,0.32925646727942803,8
G025_R389_C1139,104.875,-7.375,276,268,0.9710144927536232,0.27057499009374675,0.1696798873021976,0.3299240187527782,9
G025_R389_C1140,105.125,-7.375,276,267,0.967391304347826,0.2741760262087298,0.1798328592516931,0.3080169134183,9
G025_R389_C1141,105.375,-7.375,276,270,0.9782608695652174,0.28623590759819617,0.18540110350817451,0.3436507460310692,9
G025_R389_C1142,105.625,-7.375,276,271,0.9818840579710145,0.31462621182781897,0.1931178995732471,0.39647335788205657,8
G025_R389_C1143,105.875,-7.375,276,272,0.9855072463768116,0.3949944985255305,0.2007286853324736,0.6288103398755907,9
G025_R389_C1144,106.125,-7.375,276,271,0.9818840579710145,0.5232049796340605,0.247792636857641,0.8203413377366776,9
G025_R389_C1145,106.375,-7.375,276,267,0.967391304347826,1.0574489145137207,0.6209783627607827,1.32081143602213,9
G025_R390_C1132,103.125,-7.625,276,266,0.9637681159420289,0.17006224668750822,0.11145177596282685,0.2073501534806129,9
G025_R390_C1133,103.375,-7.625,276,269,0.9746376811594203,0.17646235796670623,0.1193690171812012,0.19954850007359703,8
G025_R390_C1134,103.625,-7.625,276,268,0.9710144927536232,0.19191883633927515,0.1205748107319735,0.233319105443635,9
G025_R390_C1135,103.875,-7.625,276,273,0.9891304347826086,0.19172357148291222,0.119693946171419,0.2065899939760304,9
G025_R390_C1136,104.125,-7.625,276,273,0.9891304347826086,0.19691354655576554,0.1269795054688204,0.2229061014085774,9
G025_R390_C1137,104.375,-7.625,276,270,0.9782608695652174,0.20207916748022378,0.13255478884499827,0.21015135906044996,9
G025_R390_C1138,104.625,-7.625,276,273,0.9891304347826086,0.21252875751835107,0.1361696915414845,0.2603205588516556,9
G025_R390_C1139,104.875,-7.625,276,270,0.9782608695652174,0.2151327993602467,0.1485497065996016,0.25159428865977806,9
G025_R390_C1140,105.125,-7.625,276,270,0.9782608695652174,0.22656335974270697,0.15591333438012045,0.2049498738214085,9
G025_R390_C1141,105.375,-7.625,276,272,0.9855072463768116,0.23943511815087096,0.16020769563838966,0.22358824967994237,9
G025_R390_C1142,105.625,-7.625,276,270,0.9782608695652174,0.26026455974806,0.16220189015417558,0.2801994334667276,9
G025_R390_C1143,105.875,-7.625,276,271,0.9818840579710145,0.3042188845066365,0.1650592709020505,0.44733446809811306,9
G025_R390_C1144,106.125,-7.625,276,269,0.9746376811594203,0.3612715573025595,0.1781141753031975,0.5724321155477172,8
G025_R390_C1145,106.375,-7.625,276,270,0.9782608695652174,0.4274927720968942,0.2210653537018297,0.6113163866889817,8
G025_R390_C1146,106.625,-7.625,276,268,0.9710144927536232,0.5313853111697017,0.27554571571496345,0.8177832676093589,8
G025_R390_C1147,106.875,-7.625,276,268,0.9710144927536232,0.6253127257089867,0.30390036477889265,1.0221227976659717,9
G025_R391_C1132,103.125,-7.875,276,272,0.9855072463768116,0.1529323322363581,0.1109250479492446,0.16216055658152098,8
G025_R391_C1133,103.375,-7.875,276,268,0.9710144927536232,0.1581713874417658,0.1111208725120066,0.15694800635982584,8
G025_R391_C1134,103.625,-7.875,276,272,0.9855072463768116,0.171550615379661,0.11416688833917804,0.21307128581440102,9
G025_R391_C1135,103.875,-7.875,276,273,0.9891304347826086,0.16579741640563386,0.1186440756347794,0.16089094360542866,8
G025_R391_C1136,104.125,-7.875,276,274,0.9927536231884058,0.16501722191102985,0.1223382664477975,0.13637462366241618,9
G025_R391_C1137,104.375,-7.875,276,273,0.9891304347826086,0.17062796017930026,0.1271360435537457,0.13813229896224907,9
G025_R391_C1138,104.625,-7.875,276,274,0.9927536231884058,0.17523342491532262,0.13215091784064076,0.14030375820812163,8
G025_R391_C1139,104.875,-7.875,276,273,0.9891304347826086,0.180202213036159,0.1320386692019015,0.16136854814317766,9
G025_R391_C1140,105.125,-7.875,276,271,0.9818840579710145,0.18891451222412253,0.1385106719597684,0.1561068134426198,9
G025_R391_C1141,105.375,-7.875,276,274,0.9927536231884058,0.202351141894489,0.13992036634267552,0.18825777848599617,8
G025_R391_C1142,105.625,-7.875,276,274,0.9927536231884058,0.21347326273364142,0.13839847150490914,0.20531198723958463,8
G025_R391_C1143,105.875,-7.875,276,273,0.9891304347826086,0.23180906268360973,0.1393919279794026,0.24853570925070154,8
G025_R391_C1144,106.125,-7.875,276,272,0.9855072463768116,0.2537831358650818,0.14849739565540293,0.27870142317828883,8
G025_R391_C1145,106.375,-7.875,276,271,0.9818840579710145,0.27053196747240205,0.1576890959599236,0.2924301122390521,8
G025_R391_C1146,106.625,-7.875,276,273,0.9891304347826086,0.2959218837356308,0.1672870382304097,0.33699894722375506,8
G025_R391_C1147,106.875,-7.875,276,273,0.9891304347826086,0.3351313509511148,0.1773917549829141,0.43722269378938233,8
