month,moran_i,p_value,n,series
2003-01-01,0.8961368722282408,0.001,148,Log Chl-a
2003-02-01,0.9048656656090098,0.001,148,Log Chl-a
2003-03-01,0.9122800905904248,0.001,148,Log Chl-a
2003-04-01,0.833189404783337,0.001,148,Log Chl-a
2003-05-01,0.8559462083123818,0.001,148,Log Chl-a
2003-06-01,0.8847914684022723,0.001,148,Log Chl-a
2003-07-01,0.6812128609231402,0.001,148,Log Chl-a
2003-08-01,0.6745271861950053,0.001,148,Log Chl-a
2003-09-01,0.74231787572398,0.001,148,Log Chl-a
2003-10-01,0.8563318354289468,0.001,133,Log Chl-a
2003-11-01,0.7578811920351746,0.001,143,Log Chl-a
2003-12-01,0.8832746146083938,0.001,148,Log Chl-a
2004-01-01,0.9165209720791965,0.001,148,Log Chl-a
2004-02-01,0.8586536737883735,0.001,132,Log Chl-a
2004-03-01,0.8399642263660292,0.001,148,Log Chl-a
2004-04-01,0.8493683578522429,0.001,148,Log Chl-a
2004-05-01,0.8268473956469629,0.001,148,Log Chl-a
2004-06-01,0.8510459479870887,0.001,148,Log Chl-a
2004-07-01,0.8562164770031081,0.001,148,Log Chl-a
2004-08-01,0.8353277718535592,0.001,148,Log Chl-a
2004-09-01,0.8268931550737199,0.001,148,Log Chl-a
2004-10-01,0.7829048983368271,0.001,148,Log Chl-a
2004-11-01,0.84931762483854,0.001,126,Log Chl-a
2004-12-01,0.8808476834320345,0.001,148,Log Chl-a
2005-01-01,0.9115673133626045,0.001,148,Log Chl-a
2005-02-01,0.9002979909636324,0.001,148,Log Chl-a
2005-03-01,0.8959589839992417,0.001,148,Log Chl-a
2005-04-01,0.8445319167214744,0.001,148,Log Chl-a
2005-05-01,0.8175972946934992,0.001,148,Log Chl-a
2005-06-01,0.857032570511039,0.001,148,Log Chl-a
2005-07-01,0.8758918203779649,0.001,148,Log Chl-a
2005-08-01,0.8311503657661774,0.001,148,Log Chl-a
2005-09-01,0.8022084932282514,0.001,148,Log Chl-a
2005-10-01,0.7955040938661544,0.001,117,Log Chl-a
2005-11-01,0.795732605096658,0.001,138,Log Chl-a
2005-12-01,0.8158080848722512,0.001,146,Log Chl-a
2006-01-01,0.8265171467314997,0.001,146,Log Chl-a
2006-02-01,0.9317240428142827,0.001,148,Log Chl-a
2006-03-01,0.9187674274490513,0.001,148,Log Chl-a
2006-04-01,0.8056773581621293,0.001,148,Log Chl-a
2006-05-01,0.8364862245751894,0.001,148,Log Chl-a
2006-06-01,0.8019459111983612,0.001,148,Log Chl-a
2006-07-01,0.820673432131306,0.001,148,Log Chl-a
2006-08-01,0.7710440122360596,0.001,148,Log Chl-a
2006-09-01,0.6823146099517148,0.001,144,Log Chl-a
2006-10-01,0.7258040054154209,0.001,148,Log Chl-a
2006-11-01,0.7651113792651711,0.001,147,Log Chl-a
2006-12-01,0.5563303278865159,0.001,143,Log Chl-a
2007-01-01,0.8062006040225316,0.001,148,Log Chl-a
2007-02-01,0.9165171962442004,0.001,148,Log Chl-a
2007-03-01,0.8716598436642675,0.001,148,Log Chl-a
2007-04-01,0.8244946077529101,0.001,148,Log Chl-a
2007-05-01,0.8340575105721492,0.001,148,Log Chl-a
2007-06-01,0.8877296308358393,0.001,148,Log Chl-a
2007-07-01,0.8640104620639586,0.001,148,Log Chl-a
2007-08-01,0.7350421727778034,0.001,148,Log Chl-a
2007-09-01,0.6345808752473052,0.001,146,Log Chl-a
2007-10-01,0.6016028934815567,0.001,137,Log Chl-a
2007-11-01,0.8851428927408062,0.001,148,Log Chl-a
2007-12-01,0.729682919458893,0.001,136,Log Chl-a
2008-01-01,0.8794288545310683,0.001,148,Log Chl-a
2008-02-01,0.8397062031522103,0.001,53,Log Chl-a
2008-03-01,0.8723922853503157,0.001,147,Log Chl-a
2008-04-01,0.8818912947728398,0.001,148,Log Chl-a
2008-05-01,0.8504342506499518,0.001,148,Log Chl-a
2008-06-01,0.8513922786612836,0.001,148,Log Chl-a
2008-07-01,0.7271701611998688,0.001,148,Log Chl-a
2008-08-01,0.7039148003352302,0.001,144,Log Chl-a
2008-09-01,0.7097104361624998,0.001,147,Log Chl-a
2008-10-01,0.7869157868978404,0.001,126,Log Chl-a
2008-11-01,0.8213417653694356,0.001,101,Log Chl-a
2008-12-01,0.89894115715505,0.001,146,Log Chl-a
2009-01-01,0.9348516918299609,0.001,148,Log Chl-a
2009-02-01,0.8915421971189225,0.001,146,Log Chl-a
2009-03-01,0.8848045519969737,0.001,148,Log Chl-a
2009-04-01,0.8215472192522421,0.001,148,Log Chl-a
2009-05-01,0.7950122844507619,0.001,148,Log Chl-a
2009-06-01,0.8565802682388619,0.001,148,Log Chl-a
2009-07-01,0.859236841637787,0.001,148,Log Chl-a
2009-08-01,0.8715982294616691,0.001,148,Log Chl-a
2009-09-01,0.7253386526527441,0.001,148,Log Chl-a
2009-10-01,0.8279265410614568,0.001,144,Log Chl-a
2009-11-01,0.8101332123080768,0.001,131,Log Chl-a
2009-12-01,0.8340514728203325,0.001,145,Log Chl-a
2010-01-01,0.8884833016349303,0.001,147,Log Chl-a
2010-02-01,0.9107306665902516,0.001,148,Log Chl-a
2010-03-01,0.8573112754888171,0.001,148,Log Chl-a
2010-04-01,0.8581049967667893,0.001,148,Log Chl-a
2010-05-01,0.8622599505601272,0.001,148,Log Chl-a
2010-06-01,0.8649745492605183,0.001,148,Log Chl-a
2010-07-01,0.8800235827024172,0.001,148,Log Chl-a
2010-08-01,0.8371153693809773,0.001,148,Log Chl-a
2010-09-01,0.8200136963395424,0.001,147,Log Chl-a
2010-10-01,0.8374180984619374,0.001,148,Log Chl-a
2010-11-01,0.7088441291741929,0.001,79,Log Chl-a
2010-12-01,0.8295846972995526,0.001,130,Log Chl-a
2011-01-01,0.9009199100813932,0.001,136,Log Chl-a
2011-02-01,0.9142587451903404,0.001,147,Log Chl-a
2011-03-01,0.8853611315505147,0.001,146,Log Chl-a
2011-04-01,0.8763936386883909,0.001,148,Log Chl-a
2011-05-01,0.8414344665379696,0.001,148,Log Chl-a
2011-06-01,0.8569988054281029,0.001,148,Log Chl-a
2011-07-01,0.8878964958503875,0.001,148,Log Chl-a
2011-08-01,0.7256458536715414,0.001,148,Log Chl-a
2011-09-01,0.8293657325582865,0.001,148,Log Chl-a
2011-10-01,0.5702575882387381,0.001,146,Log Chl-a
2011-11-01,0.7858404470991102,0.001,148,Log Chl-a
2011-12-01,0.8629901506377828,0.001,142,Log Chl-a
2012-01-01,0.8329685799657366,0.001,143,Log Chl-a
2012-02-01,0.9200566007301959,0.001,148,Log Chl-a
2012-03-01,0.8433234737987318,0.001,148,Log Chl-a
2012-04-01,0.8329495377023858,0.001,148,Log Chl-a
2012-05-01,0.8481670649797506,0.001,148,Log Chl-a
2012-06-01,0.8537631811019613,0.001,148,Log Chl-a
2012-07-01,0.8751584542474133,0.001,148,Log Chl-a
2012-08-01,0.7813863910322502,0.001,148,Log Chl-a
2012-09-01,0.7700201101939962,0.001,147,Log Chl-a
2012-10-01,0.7762905595151286,0.001,116,Log Chl-a
2012-11-01,0.8866023599777868,0.001,130,Log Chl-a
2012-12-01,0.8074386335902493,0.001,146,Log Chl-a
2013-01-01,0.90327372211264,0.001,148,Log Chl-a
2013-02-01,0.9177405962341317,0.001,148,Log Chl-a
2013-03-01,0.9142939725542287,0.001,148,Log Chl-a
2013-04-01,0.7908917053843957,0.001,148,Log Chl-a
2013-05-01,0.7892081296364842,0.001,148,Log Chl-a
2013-06-01,0.820659403367962,0.001,148,Log Chl-a
2013-07-01,0.8346195019075694,0.001,148,Log Chl-a
2013-08-01,0.8223036299184842,0.001,148,Log Chl-a
2013-09-01,0.796055086191187,0.001,148,Log Chl-a
2013-10-01,0.827647639350716,0.001,148,Log Chl-a
2013-11-01,0.8628577709854502,0.001,144,Log Chl-a
2013-12-01,0.8148502572272749,0.001,147,Log Chl-a
2014-01-01,0.8080497588473968,0.001,147,Log Chl-a
2014-02-01,0.901222556534005,0.001,141,Log Chl-a
2014-03-01,0.8256511628414472,0.001,148,Log Chl-a
2014-04-01,0.7772020084889706,0.001,148,Log Chl-a
2014-05-01,0.8347195088247843,0.001,148,Log Chl-a
2014-06-01,0.8445614355412109,0.001,148,Log Chl-a
2014-07-01,0.8282154903810731,0.001,148,Log Chl-a
2014-08-01,0.83971030491456,0.001,148,Log Chl-a
2014-09-01,0.8044731870939812,0.001,148,Log Chl-a
2014-10-01,0.7700609173351601,0.001,130,Log Chl-a
2014-11-01,0.7752307942983452,0.001,135,Log Chl-a
2014-12-01,0.8437432482123971,0.001,145,Log Chl-a
2015-01-01,0.8909121624992966,0.001,148,Log Chl-a
2015-02-01,0.9062973634261089,0.001,148,Log Chl-a
2015-03-01,0.8863214344738033,0.001,148,Log Chl-a
2015-04-01,0.8331472121753418,0.001,148,Log Chl-a
2015-05-01,0.8501317473686782,0.001,148,Log Chl-a
2015-06-01,0.8566040708479238,0.001,148,Log Chl-a
2015-07-01,0.8086806618052653,0.001,148,Log Chl-a
2015-08-01,0.8240207256322908,0.001,148,Log Chl-a
2015-09-01,0.8017749071468915,0.001,147,Log Chl-a
2015-10-01,0.6128480862610666,0.001,86,Log Chl-a
2015-11-01,0.7695461390208329,0.001,143,Log Chl-a
2015-12-01,0.8291041195538406,0.001,148,Log Chl-a
2016-01-01,0.9075853845914276,0.001,148,Log Chl-a
2016-02-01,0.8901052337479635,0.001,148,Log Chl-a
2016-03-01,0.8953790054296961,0.001,148,Log Chl-a
2016-04-01,0.8876403241196267,0.001,148,Log Chl-a
2016-05-01,0.84336199228407,0.001,148,Log Chl-a
2016-06-01,0.8379288280895074,0.001,148,Log Chl-a
2016-07-01,0.8554332631241651,0.001,148,Log Chl-a
2016-08-01,0.8527964050526836,0.001,148,Log Chl-a
2016-09-01,0.7830306384776501,0.001,148,Log Chl-a
2016-10-01,0.8860382905753411,0.001,102,Log Chl-a
2016-11-01,0.8331354636629622,0.001,145,Log Chl-a
2016-12-01,0.8477919413063114,0.001,141,Log Chl-a
2017-01-01,0.8797729400830728,0.001,145,Log Chl-a
2017-02-01,0.9103249810776082,0.001,147,Log Chl-a
2017-03-01,0.851956977918423,0.001,148,Log Chl-a
2017-04-01,0.8072882785939,0.001,148,Log Chl-a
2017-05-01,0.8035352853023113,0.001,148,Log Chl-a
2017-06-01,0.7783803309702233,0.001,148,Log Chl-a
2017-07-01,0.8353277377000903,0.001,148,Log Chl-a
2017-08-01,0.8554311050274698,0.001,148,Log Chl-a
2017-09-01,0.6708689695909299,0.001,148,Log Chl-a
2017-10-01,0.7871495919294603,0.001,147,Log Chl-a
2017-11-01,0.7398121918901797,0.001,138,Log Chl-a
2017-12-01,0.7940326533116814,0.001,134,Log Chl-a
2018-01-01,0.8356850267209068,0.001,102,Log Chl-a
2018-02-01,0.9344663472777828,0.001,147,Log Chl-a
2018-03-01,0.9002391879298115,0.001,148,Log Chl-a
2018-04-01,0.7908637225181481,0.001,148,Log Chl-a
2018-05-01,0.8713601012944476,0.001,148,Log Chl-a
2018-06-01,0.8925111899288735,0.001,148,Log Chl-a
2018-07-01,0.8330000041416792,0.001,148,Log Chl-a
2018-08-01,0.8163707672551689,0.001,148,Log Chl-a
2018-09-01,0.7140103207931681,0.001,148,Log Chl-a
2018-10-01,0.6793846876097474,0.001,107,Log Chl-a
2018-11-01,0.8004524778034844,0.001,144,Log Chl-a
2018-12-01,0.87513036482848106,0.001,139,Log Chl-a
2019-01-01,0.8522402443373278,0.001,148,Log Chl-a
2019-02-01,0.9075796975929789,0.001,147,Log Chl-a
2019-03-01,0.8068419736887515,0.001,148,Log Chl-a
2019-04-01,0.8178963116175851,0.001,148,Log Chl-a
2019-05-01,0.8576405584960439,0.001,148,Log Chl-a
2019-06-01,0.7942727810742732,0.001,148,Log Chl-a
2019-07-01,0.8091389770418678,0.001,148,Log Chl-a
2019-08-01,0.7223364877599138,0.001,148,Log Chl-a
2019-09-01,0.7920019368478607,0.001,148,Log Chl-a
2019-10-01,0.7431656268310649,0.001,144,Log Chl-a
2019-11-01,0.7210914871861206,0.001,148,Log Chl-a
2019-12-01,0.7703290628301662,0.001,148,Log Chl-a
2020-01-01,0.7833704077275686,0.001,148,Log Chl-a
2020-02-01,0.8984054687092323,0.001,143,Log Chl-a
2020-03-01,0.8615280264455742,0.001,147,Log Chl-a
2020-04-01,0.7859053093114173,0.001,148,Log Chl-a
2020-05-01,0.8272762874848639,0.001,148,Log Chl-a
2020-06-01,0.8060007909830045,0.001,148,Log Chl-a
2020-07-01,0.8693534632866932,0.001,148,Log Chl-a
2020-08-01,0.8794832307032675,0.001,148,Log Chl-a
2020-09-01,0.818127809292351,0.001,145,Log Chl-a
2020-10-01,0.7859022649026542,0.001,129,Log Chl-a
2020-11-01,0.8192568035436996,0.001,131,Log Chl-a
2020-12-01,0.8103744105517805,0.001,142,Log Chl-a
2021-01-01,0.8624755768408942,0.001,104,Log Chl-a
2021-02-01,0.8661290871261421,0.001,147,Log Chl-a
2021-03-01,0.9114340206028588,0.001,148,Log Chl-a
2021-04-01,0.8407013773923973,0.001,148,Log Chl-a
2021-05-01,0.8591750057594794,0.001,148,Log Chl-a
2021-06-01,0.8912820872745487,0.001,148,Log Chl-a
2021-07-01,0.8603113409801114,0.001,148,Log Chl-a
2021-08-01,0.8002503083924695,0.001,148,Log Chl-a
2021-09-01,0.7738378729037129,0.001,148,Log Chl-a
2021-10-01,0.807781447061357,0.001,141,Log Chl-a
2021-11-01,0.8516367426001589,0.001,133,Log Chl-a
2021-12-01,0.8102397570710101,0.001,143,Log Chl-a
2022-01-01,0.9005288601936372,0.001,147,Log Chl-a
2022-02-01,0.935236259494351,0.001,146,Log Chl-a
2022-03-01,0.887097688161139,0.001,146,Log Chl-a
2022-04-01,0.8352013786114606,0.001,145,Log Chl-a
2022-05-01,0.8625789371849865,0.001,148,Log Chl-a
2022-06-01,0.8254255330173734,0.001,148,Log Chl-a
2022-07-01,0.8814811542245347,0.001,148,Log Chl-a
2022-08-01,0.8444173840999276,0.001,148,Log Chl-a
2022-09-01,0.8053120743311418,0.001,141,Log Chl-a
2022-10-01,0.8382909920707475,0.001,134,Log Chl-a
2022-11-01,0.8279875494806834,0.001,145,Log Chl-a
2022-12-01,0.845266903230365,0.001,96,Log Chl-a
2023-01-01,0.8360447022058011,0.001,144,Log Chl-a
2023-02-01,0.8687739263860864,0.001,141,Log Chl-a
2023-03-01,0.9028320489580183,0.001,148,Log Chl-a
2023-04-01,0.8615103661754362,0.001,148,Log Chl-a
2023-05-01,0.8218053927544022,0.001,148,Log Chl-a
2023-06-01,0.8516507043519496,0.001,148,Log Chl-a
2023-07-01,0.82052414322094,0.001,148,Log Chl-a
2023-08-01,0.7845119229224091,0.001,148,Log Chl-a
2023-09-01,0.8176647966529988,0.001,148,Log Chl-a
2023-10-01,0.8120046864333159,0.001,140,Log Chl-a
2023-11-01,0.8397870779776714,0.001,143,Log Chl-a
2023-12-01,0.7732552403592895,0.001,148,Log Chl-a
2024-01-01,0.747083640204836,0.001,144,Log Chl-a
2024-02-01,0.8953259283364121,0.001,148,Log Chl-a
2024-03-01,0.8859437135604042,0.001,148,Log Chl-a
2024-04-01,0.7577890153280777,0.001,147,Log Chl-a
2024-05-01,0.8313336096790516,0.001,148,Log Chl-a
2024-06-01,0.8835474618627629,0.001,148,Log Chl-a
2024-07-01,0.8354720928877819,0.001,148,Log Chl-a
2024-08-01,0.7424989881060574,0.001,146,Log Chl-a
2024-09-01,0.6661675966082429,0.001,148,Log Chl-a
2024-10-01,0.8291401567863165,0.001,148,Log Chl-a
2024-11-01,0.8027337494402657,0.001,132,Log Chl-a
2024-12-01,0.7787367559017636,0.001,103,Log Chl-a
2025-01-01,0.8889342817975363,0.001,148,Log Chl-a
2025-02-01,0.8814660130950129,0.001,142,Log Chl-a
2025-03-01,0.8504272505020927,0.001,148,Log Chl-a
2025-04-01,0.8507894196150704,0.001,148,Log Chl-a
2025-05-01,0.7930087691665528,0.001,148,Log Chl-a
2025-06-01,0.8435475935029066,0.001,148,Log Chl-a
2025-07-01,0.8785181192727005,0.001,148,Log Chl-a
2025-08-01,0.8073135784820449,0.001,148,Log Chl-a
2025-09-01,0.7875889756341207,0.001,140,Log Chl-a
2025-10-01,0.771714934119115,0.001,148,Log Chl-a
2025-11-01,0.8145313882884839,0.001,140,Log Chl-a
2025-12-01,0.8117594723440895,0.001,144,Log Chl-a
2003-01-01,0.6989173515708451,0.001,148,Anomali log Chl-a
2003-02-01,0.7673625872096232,0.001,148,Anomali log Chl-a
2003-03-01,0.8321056138977945,0.001,148,Anomali log Chl-a
2003-04-01,0.7008423731793592,0.001,148,Anomali log Chl-a
2003-05-01,0.7033853984830802,0.001,148,Anomali log Chl-a
2003-06-01,0.7819686810104424,0.001,148,Anomali log Chl-a
2003-07-01,0.8870107909402386,0.001,148,Anomali log Chl-a
2003-08-01,0.7672878516381411,0.001,148,Anomali log Chl-a
2003-09-01,0.5525941462682934,0.001,148,Anomali log Chl-a
2003-10-01,0.666180476695489,0.001,133,Anomali log Chl-a
2003-11-01,0.4453645907218511,0.001,143,Anomali log Chl-a
2003-12-01,0.7086379193219023,0.001,148,Anomali log Chl-a
2004-01-01,0.7742574222809555,0.001,148,Anomali log Chl-a
2004-02-01,0.5329494703200686,0.001,132,Anomali log Chl-a
2004-03-01,0.6260557972934405,0.001,148,Anomali log Chl-a
2004-04-01,0.7549686329436565,0.001,148,Anomali log Chl-a
2004-05-01,0.5759450184035081,0.001,148,Anomali log Chl-a
2004-06-01,0.707185764629598,0.001,148,Anomali log Chl-a
2004-07-01,0.7897355255154194,0.001,148,Anomali log Chl-a
2004-08-01,0.6383205701197866,0.001,148,Anomali log Chl-a
2004-09-01,0.7093207649878978,0.001,148,Anomali log Chl-a
2004-10-01,0.5539441173031475,0.001,148,Anomali log Chl-a
2004-11-01,0.5531878983691498,0.001,126,Anomali log Chl-a
2004-12-01,0.6170109805194948,0.001,148,Anomali log Chl-a
2005-01-01,0.7355946172039651,0.001,148,Anomali log Chl-a
2005-02-01,0.7037777136032065,0.001,148,Anomali log Chl-a
2005-03-01,0.8180984803719834,0.001,148,Anomali log Chl-a
2005-04-01,0.5937856229395685,0.001,148,Anomali log Chl-a
2005-05-01,0.7066439495372953,0.001,148,Anomali log Chl-a
2005-06-01,0.6402808446100827,0.001,148,Anomali log Chl-a
2005-07-01,0.8385363120585626,0.001,148,Anomali log Chl-a
2005-08-01,0.6856044301646664,0.001,148,Anomali log Chl-a
2005-09-01,0.8007293175329979,0.001,148,Anomali log Chl-a
2005-10-01,0.7033893949727394,0.001,117,Anomali log Chl-a
2005-11-01,0.5179739475209149,0.001,138,Anomali log Chl-a
2005-12-01,0.6657303409122741,0.001,146,Anomali log Chl-a
2006-01-01,0.5965639326386178,0.001,146,Anomali log Chl-a
2006-02-01,0.7940360472582983,0.001,148,Anomali log Chl-a
2006-03-01,0.6877301656467555,0.001,148,Anomali log Chl-a
2006-04-01,0.5032580599150734,0.001,148,Anomali log Chl-a
2006-05-01,0.5923725557591482,0.001,148,Anomali log Chl-a
2006-06-01,0.7832246857704321,0.001,148,Anomali log Chl-a
2006-07-01,0.6514500306657216,0.001,148,Anomali log Chl-a
2006-08-01,0.8278313736380695,0.001,148,Anomali log Chl-a
2006-09-01,0.7429335748914159,0.001,144,Anomali log Chl-a
2006-10-01,0.8267255643230691,0.001,148,Anomali log Chl-a
2006-11-01,0.8480180793387239,0.001,147,Anomali log Chl-a
2006-12-01,0.665669815579806,0.001,143,Anomali log Chl-a
2007-01-01,0.8269536333711626,0.001,148,Anomali log Chl-a
2007-02-01,0.6718696275715464,0.001,148,Anomali log Chl-a
2007-03-01,0.4594541562404434,0.001,148,Anomali log Chl-a
2007-04-01,0.6605200434930169,0.001,148,Anomali log Chl-a
2007-05-01,0.618940699526654,0.001,148,Anomali log Chl-a
2007-06-01,0.5651286322908478,0.001,148,Anomali log Chl-a
2007-07-01,0.5980154147471978,0.001,148,Anomali log Chl-a
2007-08-01,0.5444073994008696,0.001,148,Anomali log Chl-a
2007-09-01,0.6229212741780139,0.001,146,Anomali log Chl-a
2007-10-01,0.543023480340952,0.001,137,Anomali log Chl-a
2007-11-01,0.7748804985803829,0.001,148,Anomali log Chl-a
2007-12-01,0.35956785179727857,0.001,136,Anomali log Chl-a
2008-01-01,0.3902859664616677,0.001,148,Anomali log Chl-a
2008-02-01,0.3494775361678327,0.001,53,Anomali log Chl-a
2008-03-01,0.5597260705424935,0.001,147,Anomali log Chl-a
2008-04-01,0.7416581546048407,0.001,148,Anomali log Chl-a
2008-05-01,0.7854730233511346,0.001,148,Anomali log Chl-a
2008-06-01,0.8247278813151473,0.001,148,Anomali log Chl-a
2008-07-01,0.8475433138103122,0.001,148,Anomali log Chl-a
2008-08-01,0.6759140656326865,0.001,144,Anomali log Chl-a
2008-09-01,0.6162523503738415,0.001,147,Anomali log Chl-a
2008-10-01,0.5955163042138188,0.001,126,Anomali log Chl-a
2008-11-01,0.5313849118468216,0.001,101,Anomali log Chl-a
2008-12-01,0.7905473149429295,0.001,146,Anomali log Chl-a
2009-01-01,0.7046048637882518,0.001,148,Anomali log Chl-a
2009-02-01,0.6839942122853683,0.001,146,Anomali log Chl-a
2009-03-01,0.6972824160999024,0.001,148,Anomali log Chl-a
2009-04-01,0.6934476363975863,0.001,148,Anomali log Chl-a
2009-05-01,0.5260957396504377,0.001,148,Anomali log Chl-a
2009-06-01,0.7089947958948467,0.001,148,Anomali log Chl-a
2009-07-01,0.7131798456871633,0.001,148,Anomali log Chl-a
2009-08-01,0.8248034131381975,0.001,148,Anomali log Chl-a
2009-09-01,0.49482004553890013,0.001,148,Anomali log Chl-a
2009-10-01,0.6488948397266869,0.001,144,Anomali log Chl-a
2009-11-01,0.4922532533073992,0.001,131,Anomali log Chl-a
2009-12-01,0.6746094561634277,0.001,145,Anomali log Chl-a
2010-01-01,0.5393424397779684,0.001,147,Anomali log Chl-a
2010-02-01,0.7735489928384899,0.001,148,Anomali log Chl-a
2010-03-01,0.6589867303375301,0.001,148,Anomali log Chl-a
2010-04-01,0.7439835058809964,0.001,148,Anomali log Chl-a
2010-05-01,0.632854845035724,0.001,148,Anomali log Chl-a
2010-06-01,0.6785408465203048,0.001,148,Anomali log Chl-a
2010-07-01,0.8487696630796469,0.001,148,Anomali log Chl-a
2010-08-01,0.8508324500805137,0.001,148,Anomali log Chl-a
2010-09-01,0.8256386809872973,0.001,147,Anomali log Chl-a
2010-10-01,0.8053884801381879,0.001,148,Anomali log Chl-a
2010-11-01,0.5292401888761045,0.001,79,Anomali log Chl-a
2010-12-01,0.5775973050090332,0.001,130,Anomali log Chl-a
2011-01-01,0.5188178911560966,0.001,136,Anomali log Chl-a
2011-02-01,0.6938562686817055,0.001,147,Anomali log Chl-a
2011-03-01,0.5179198600596622,0.001,146,Anomali log Chl-a
2011-04-01,0.6473225844262079,0.001,148,Anomali log Chl-a
2011-05-01,0.7055749323421862,0.001,148,Anomali log Chl-a
2011-06-01,0.5538909990175894,0.001,148,Anomali log Chl-a
2011-07-01,0.6941666746247546,0.001,148,Anomali log Chl-a
2011-08-01,0.8074367709614441,0.001,148,Anomali log Chl-a
2011-09-01,0.8885957884225996,0.001,148,Anomali log Chl-a
2011-10-01,0.7697304660902365,0.001,146,Anomali log Chl-a
2011-11-01,0.6900287323256524,0.001,148,Anomali log Chl-a
2011-12-01,0.5425467237601265,0.001,142,Anomali log Chl-a
2012-01-01,0.22878732241802316,0.001,143,Anomali log Chl-a
2012-02-01,0.596371486316889,0.001,148,Anomali log Chl-a
2012-03-01,0.7541632328416717,0.001,148,Anomali log Chl-a
2012-04-01,0.689430374890423,0.001,148,Anomali log Chl-a
2012-05-01,0.5952501929030177,0.001,148,Anomali log Chl-a
2012-06-01,0.4947030203799961,0.001,148,Anomali log Chl-a
2012-07-01,0.8843294477100982,0.001,148,Anomali log Chl-a
2012-08-01,0.793760273575217,0.001,148,Anomali log Chl-a
2012-09-01,0.7269991128537812,0.001,147,Anomali log Chl-a
2012-10-01,0.6342687092058888,0.001,116,Anomali log Chl-a
2012-11-01,0.5791654261872389,0.001,130,Anomali log Chl-a
2012-12-01,0.18103800909549614,0.001,146,Anomali log Chl-a
2013-01-01,0.7065129972917833,0.001,148,Anomali log Chl-a
2013-02-01,0.6888152124371167,0.001,148,Anomali log Chl-a
2013-03-01,0.572741198409411,0.001,148,Anomali log Chl-a
2013-04-01,0.46498988528354446,0.001,148,Anomali log Chl-a
2013-05-01,0.2886973397549285,0.001,148,Anomali log Chl-a
2013-06-01,0.657280613551875,0.001,148,Anomali log Chl-a
2013-07-01,0.6959069840162093,0.001,148,Anomali log Chl-a
2013-08-01,0.8054392820420172,0.001,148,Anomali log Chl-a
2013-09-01,0.7171922621460222,0.001,148,Anomali log Chl-a
2013-10-01,0.7246983502998906,0.001,148,Anomali log Chl-a
2013-11-01,0.6203241530775728,0.001,144,Anomali log Chl-a
2013-12-01,0.6241194350488917,0.001,147,Anomali log Chl-a
2014-01-01,0.3895616122162762,0.001,147,Anomali log Chl-a
2014-02-01,0.587869689817259,0.001,141,Anomali log Chl-a
2014-03-01,0.7745384092361599,0.001,148,Anomali log Chl-a
2014-04-01,0.40554138842526133,0.001,148,Anomali log Chl-a
2014-05-01,0.4592655036818265,0.001,148,Anomali log Chl-a
2014-06-01,0.7346773553310243,0.001,148,Anomali log Chl-a
2014-07-01,0.7960538849714205,0.001,148,Anomali log Chl-a
2014-08-01,0.7794823075373458,0.001,148,Anomali log Chl-a
2014-09-01,0.6834375490656143,0.001,148,Anomali log Chl-a
2014-10-01,0.5703563927376819,0.001,130,Anomali log Chl-a
2014-11-01,0.5162387270309787,0.001,135,Anomali log Chl-a
2014-12-01,0.4579723977104084,0.001,145,Anomali log Chl-a
2015-01-01,0.5153808500383424,0.001,148,Anomali log Chl-a
2015-02-01,0.7627003933484527,0.001,148,Anomali log Chl-a
2015-03-01,0.6767625255117117,0.001,148,Anomali log Chl-a
2015-04-01,0.6574146301173182,0.001,148,Anomali log Chl-a
2015-05-01,0.5090430353001932,0.001,148,Anomali log Chl-a
2015-06-01,0.7596462433423324,0.001,148,Anomali log Chl-a
2015-07-01,0.43710981927638676,0.001,148,Anomali log Chl-a
2015-08-01,0.5294674311348598,0.001,148,Anomali log Chl-a
2015-09-01,0.8027325529542239,0.001,147,Anomali log Chl-a
2015-10-01,0.6934942548184366,0.001,86,Anomali log Chl-a
2015-11-01,0.5942499751557995,0.001,143,Anomali log Chl-a
2015-12-01,0.5222464214407293,0.001,148,Anomali log Chl-a
2016-01-01,0.5559280205497104,0.001,148,Anomali log Chl-a
2016-02-01,0.5937567961356952,0.001,148,Anomali log Chl-a
2016-03-01,0.6876636803011854,0.001,148,Anomali log Chl-a
2016-04-01,0.8093709042702985,0.001,148,Anomali log Chl-a
2016-05-01,0.7860824493302305,0.001,148,Anomali log Chl-a
2016-06-01,0.7657503016110563,0.001,148,Anomali log Chl-a
2016-07-01,0.8037395848766699,0.001,148,Anomali log Chl-a
2016-08-01,0.8585972829364263,0.001,148,Anomali log Chl-a
2016-09-01,0.8152793010459326,0.001,148,Anomali log Chl-a
2016-10-01,0.8327161500399328,0.001,102,Anomali log Chl-a
2016-11-01,0.7223798814117836,0.001,145,Anomali log Chl-a
2016-12-01,0.42765874713921226,0.001,141,Anomali log Chl-a
2017-01-01,0.44021291266732626,0.001,145,Anomali log Chl-a
2017-02-01,0.5855278805716523,0.001,147,Anomali log Chl-a
2017-03-01,0.5949290831426762,0.001,148,Anomali log Chl-a
2017-04-01,0.6929225052559304,0.001,148,Anomali log Chl-a
2017-05-01,0.7578551455750676,0.001,148,Anomali log Chl-a
2017-06-01,0.1973787830638653,0.001,148,Anomali log Chl-a
2017-07-01,0.6176228745431981,0.001,148,Anomali log Chl-a
2017-08-01,0.7249373813538321,0.001,148,Anomali log Chl-a
2017-09-01,0.6867636070402304,0.001,148,Anomali log Chl-a
2017-10-01,0.6627313443525079,0.001,147,Anomali log Chl-a
2017-11-01,0.45291407478975376,0.001,138,Anomali log Chl-a
2017-12-01,0.5711272295450188,0.001,134,Anomali log Chl-a
2018-01-01,0.33710618502730433,0.001,102,Anomali log Chl-a
2018-02-01,0.6646269286863088,0.001,147,Anomali log Chl-a
2018-03-01,0.7397470677400648,0.001,148,Anomali log Chl-a
2018-04-01,0.7200996824580345,0.001,148,Anomali log Chl-a
2018-05-01,0.5213483044168681,0.001,148,Anomali log Chl-a
2018-06-01,0.5242150623773338,0.001,148,Anomali log Chl-a
2018-07-01,0.8055078555778042,0.001,148,Anomali log Chl-a
2018-08-01,0.6602111661795755,0.001,148,Anomali log Chl-a
2018-09-01,0.6897596172077598,0.001,148,Anomali log Chl-a
2018-10-01,0.31618809474069,0.001,107,Anomali log Chl-a
2018-11-01,0.4772682217269698,0.001,144,Anomali log Chl-a
2018-12-01,0.5237420692768395,0.001,139,Anomali log Chl-a
2019-01-01,0.31461895704573367,0.001,148,Anomali log Chl-a
2019-02-01,0.483544759864884,0.001,147,Anomali log Chl-a
2019-03-01,0.7837111139181411,0.001,148,Anomali log Chl-a
2019-04-01,0.5699787638743808,0.001,148,Anomali log Chl-a
2019-05-01,0.6749048698435185,0.001,148,Anomali log Chl-a
2019-06-01,0.7861316711062243,0.001,148,Anomali log Chl-a
2019-07-01,0.8506859697419953,0.001,148,Anomali log Chl-a
2019-08-01,0.8632968318630774,0.001,148,Anomali log Chl-a
2019-09-01,0.8643673777867469,0.001,148,Anomali log Chl-a
2019-10-01,0.809320060971295,0.001,144,Anomali log Chl-a
2019-11-01,0.843204543075171,0.001,148,Anomali log Chl-a
2019-12-01,0.8678392066190737,0.001,148,Anomali log Chl-a
2020-01-01,0.6425919321390257,0.001,148,Anomali log Chl-a
2020-02-01,0.7322390050545656,0.001,143,Anomali log Chl-a
2020-03-01,0.31687674105521757,0.001,147,Anomali log Chl-a
2020-04-01,0.49303209932991676,0.001,148,Anomali log Chl-a
2020-05-01,0.6185888034383948,0.001,148,Anomali log Chl-a
2020-06-01,0.312883296416158,0.001,148,Anomali log Chl-a
2020-07-01,0.7672936467178824,0.001,148,Anomali log Chl-a
2020-08-01,0.7834189834357249,0.001,148,Anomali log Chl-a
2020-09-01,0.8106877503465595,0.001,145,Anomali log Chl-a
2020-10-01,0.6962928373496063,0.001,129,Anomali log Chl-a
2020-11-01,0.49449343617303504,0.001,131,Anomali log Chl-a
2020-12-01,0.39166249135297776,0.001,142,Anomali log Chl-a
2021-01-01,0.29178555567734266,0.001,104,Anomali log Chl-a
2021-02-01,0.48404784632861286,0.001,147,Anomali log Chl-a
2021-03-01,0.6851712265348089,0.001,148,Anomali log Chl-a
2021-04-01,0.4818225469308733,0.001,148,Anomali log Chl-a
2021-05-01,0.6028633680402797,0.001,148,Anomali log Chl-a
2021-06-01,0.7285455068787718,0.001,148,Anomali log Chl-a
2021-07-01,0.7470664862257488,0.001,148,Anomali log Chl-a
2021-08-01,0.6693116949179954,0.001,148,Anomali log Chl-a
2021-09-01,0.7272690268822557,0.001,148,Anomali log Chl-a
2021-10-01,0.7379701369198013,0.001,141,Anomali log Chl-a
2021-11-01,0.6704116935043742,0.001,133,Anomali log Chl-a
2021-12-01,0.5839456294653431,0.001,143,Anomali log Chl-a
2022-01-01,0.45917161893488967,0.001,147,Anomali log Chl-a
2022-02-01,0.6561194051620294,0.001,146,Anomali log Chl-a
2022-03-01,0.4500932182234516,0.001,146,Anomali log Chl-a
2022-04-01,0.6199997251554338,0.001,145,Anomali log Chl-a
2022-05-01,0.6005162217671088,0.001,148,Anomali log Chl-a
2022-06-01,0.5872590337151207,0.001,148,Anomali log Chl-a
2022-07-01,0.7538094341250856,0.001,148,Anomali log Chl-a
2022-08-01,0.789013994992291,0.001,148,Anomali log Chl-a
2022-09-01,0.793820642219673,0.001,141,Anomali log Chl-a
2022-10-01,0.7452560733730978,0.001,134,Anomali log Chl-a
2022-11-01,0.6102502074531058,0.001,145,Anomali log Chl-a
2022-12-01,0.5059306301652812,0.001,96,Anomali log Chl-a
2023-01-01,0.4369869982522049,0.001,144,Anomali log Chl-a
2023-02-01,0.63632416345649645,0.001,141,Anomali log Chl-a
2023-03-01,0.7613462528926597,0.001,148,Anomali log Chl-a
2023-04-01,0.6076915139249505,0.001,148,Anomali log Chl-a
2023-05-01,0.4848881314877648,0.001,148,Anomali log Chl-a
2023-06-01,0.42893198284728057,0.001,148,Anomali log Chl-a
2023-07-01,0.7450076891019286,0.001,148,Anomali log Chl-a
2023-08-01,0.7668159194526761,0.001,148,Anomali log Chl-a
2023-09-01,0.8521427733675319,0.001,148,Anomali log Chl-a
2023-10-01,0.8450303328034909,0.001,140,Anomali log Chl-a
2023-11-01,0.8935413569014522,0.001,143,Anomali log Chl-a
2023-12-01,0.8678528175761405,0.001,148,Anomali log Chl-a
2024-01-01,0.6157426310026729,0.001,144,Anomali log Chl-a
2024-02-01,0.5689490022258513,0.001,148,Anomali log Chl-a
2024-03-01,0.6456205170997198,0.001,148,Anomali log Chl-a
2024-04-01,0.8009044474726007,0.001,147,Anomali log Chl-a
2024-05-01,0.7020497408556996,0.001,148,Anomali log Chl-a
2024-06-01,0.7488007021074794,0.001,148,Anomali log Chl-a
2024-07-01,0.5801807753923203,0.001,148,Anomali log Chl-a
2024-08-01,0.826927421529071,0.001,146,Anomali log Chl-a
2024-09-01,0.400571463768631,0.001,148,Anomali log Chl-a
2024-10-01,0.7158766943346663,0.001,148,Anomali log Chl-a
2024-11-01,0.4962093655104313,0.001,132,Anomali log Chl-a
2024-12-01,0.4576500873817741,0.001,103,Anomali log Chl-a
2025-01-01,0.6212246948346283,0.001,148,Anomali log Chl-a
2025-02-01,0.602579425358357,0.001,142,Anomali log Chl-a
2025-03-01,0.454798799242561,0.001,148,Anomali log Chl-a
2025-04-01,0.5551275319730347,0.001,148,Anomali log Chl-a
2025-05-01,0.5232953340397146,0.001,148,Anomali log Chl-a
2025-06-01,0.6767689907429004,0.001,148,Anomali log Chl-a
2025-07-01,0.8365710546977791,0.001,148,Anomali log Chl-a
2025-08-01,0.777461446067272,0.001,148,Anomali log Chl-a
2025-09-01,0.7606224870164863,0.001,140,Anomali log Chl-a
2025-10-01,0.6738094945265022,0.001,148,Anomali log Chl-a
2025-11-01,0.7125015249777075,0.001,140,Anomali log Chl-a
2025-12-01,0.46868142934517204,0.001,144,Anomali log Chl-a
